施設,タイムスタンプ,個人情報保護の方針について,全行程での宿泊数をお答えください（石川県以外での宿泊も含みます）,石川県内での宿泊数をお答えください,石川県内での宿泊エリアをお答えください,石川県外での宿泊エリアをお答えください,今回はどなたと石川県を訪れていますか？,今回の石川県の訪問目的は何ですか？（複数選択可）,石川県外から訪れた方にお聞きします。今回は主にどのような交通手段で石川県に来られましたか。※2つまでお答えください,次に、 当施設  を訪れる際に利用した主な交通手段をお答えください。※2つまでお答えください,前の設問で「自家用車」「徒歩」以外を選択された方にお聞きします。当該の交通手段をお使いいただいた満足度をお聞かせください。,上記満足度の理由について、具体的に教えてください,今回の旅行またはお出かけにおける、石川県内での具体的な宿泊費をお答えください。（予定でも可/１人あたり）,"今回の旅行またはお出かけにおける石川県内での具体的な交通費をお答えください。（予定でも可/１人あたり）
※石川県外からの交通費、石川県内での交通費を含む。","今回の旅行またはお出かけにおける、石川県内での具体的な現地消費額をお答えください。（予定でも可/１人あたり）
※飲食、買い物、体験・観光などの消費額合計
※宿泊費、交通費を除く",これまでに   当施設   には何度訪れたことがありますか。,今回   当施設   を訪れる際に参考にした情報源は何ですか？（複数選択可）,"当施設   の前に訪れた主な場所（施設やスポット名称、エリアなど）を、次の名称リストからひとつ選んでください。

※名称リストにない場所の場合は、「選択なし/該当施設なし」を選び、次の設問でお答えください。
※当施設   が最初に訪れた場所である場合は、「選択なし/該当施設なし」をお選びください。",上記名称リストにない場合について、具体的にお答えください。(前),"当施設   の後に訪れる予定の場所（施設やスポット名称、エリア）を、次の名称リストからひとつ選んでください

※名称リストにない場所の場合は、「選択なし/該当施設なし」を選び、次の設問でお答えください。
※当施設    が最後に訪れた場所である場合は、「選択なし/該当施設なし」をお選びください。",上記名称リストにない場合について、具体的にお答えください。(後),当施設    における、消費総額をお答えください。（予定でも可/１人あたり）,当施設 における、商品・サービスの満足度をお答えください,上記満足度の理由につい具体的に教えてください。(サービス),当施設   における、施設全体の満足度をお答えください。,上記満足度の理由につい具体的に教えてください。(施設全体),当施設   において、不便を感じたり困ったことはありましたか。,上記不便を感じたり、困ったことについて具体的に教えてください,"あなたは石川県への旅行または   当施設   へのお出かけを、どのくらい家族や友人に薦めたいと思いますか。
0（全く薦めたくない）～10（ぜひ薦めたい）でお答えください。",今回の旅行またはおでかけにおいて、特に人に薦めたいと感じたものとその理由について具体的に教えてください。,あなたが求めている   当施設   の飲食、土産、アクティビティについて、ご自由にご意見をお聞かせください,今後、再び石川県を訪れたいと思いますか,"あなたが求めている石川県の飲食、土産、アクティビティについて、ご自由にご意見をお聞かせください。

(※必須項目です。無ければ「特になし」とご記入ください)",性別をお答えください,生まれた年をお答えください,お住いの都道府県をお答えください,"お住いの市区町村をお答えください
例：新宿区",世帯年収をお答えください,アンケートに回答しようと思った動機をお答えください
金沢城公園,2023/10/01 1:43:38,同意する,1泊,1泊,金沢エリア  （湯涌温泉、深谷温泉、犀川温泉など）,石川県外には泊まらない,友人,"地元の美味しいものを食べる, 名所、旧跡の観光, まちあるき、都市散策, 各種体験（手作り、果物狩りなど）",在来線,徒歩,,,"10,000円以上、20,000円未満","1,000円未満","30,000円以上、40,000円未満",初めて,新聞・雑誌・ガイドブック,尾山神社,,兼六園,,"1,000円未満",満足,カフェで冷やし抹茶と和菓子を食べましたが、とても美味しかったです。,満足,,感じなかった,,8,,金沢城公園には9月29日に訪れましたが、チームラボのプロジェクションマッピングを見ることが出来ず残念でした。,機会があれば行きたい,今回食べた物が全て美味しかったので、特にありません。,女性,1963,愛知県,知立市,400万円以上500万円未満,"能登牛が当たる, 動く３Dひゃくまんさんを見たい"
金沢城公園,2023/10/07 8:38:19,同意する,2泊,石川県内には宿泊しない,石川県内には宿泊しない,新潟県,親,"地元の美味しいものを食べる, 名所、旧跡の観光, 買い物、アウトレット, まちあるき、都市散策, 各種体験（手作り、果物狩りなど）",自家用車,自家用車,,,"3,000円以上、5,000円未満","1,000円以上、3,000円未満","1,000円以上、3,000円未満",初めて,"新聞・雑誌・ガイドブック, 観光パンフレット・ポスター, 観光連盟やDMOのHP, インターネット・アプリ, Instagram",選択なし/該当施設なし,,兼六園,,"1,000円未満",どちらでもない,,不満,早く来るとどこも開いてないから何も見れない,感じなかった,,6,,,機会があれば行きたい,特になし,女性,2004,神奈川県,横浜市,300万円以上400万円未満,なんとなく
金沢城公園,2023/10/07 16:00:18,同意する,1泊,1泊,金沢エリア  （湯涌温泉、深谷温泉、犀川温泉など）,石川県外には泊まらない,自分ひとり,"宿でのんびり過ごす, 地元の美味しいものを食べる, 名所、旧跡の観光, 友人・親戚を訪ねる",新幹線,路線バス,とても満足,,"30,000円以上、40,000円未満","1,000円未満","5,000円以上、10,000円未満",初めて,"新聞・雑誌・ガイドブック, 友人・知人",選択なし/該当施設なし,石川県観光物産館,選択なし/該当施設なし,金沢城公園が最後、あとは宿泊先に向かう。,"1,000円以上、3,000円未満",とても満足,豆皿茶屋での素敵な景色をみながらのランチがとても満足した。,とても満足,,感じなかった,,10 (ぜひ薦めたい),,,また行きたい（1年以内）,特になし,女性,1984,千葉県,習志野市,600万円以上700万円未満,石川県のおすすめ観光スポットが見たい
金沢城公園,2023/10/07 23:44:26,同意する,2泊,2泊,金沢エリア  （湯涌温泉、深谷温泉、犀川温泉など）,石川県外には泊まらない,夫婦2人,結婚記念日,新幹線,路線バス,不満,バスが分かりづらい。Suica使えない。,"100,000円以上","30,000円以上、40,000円未満","40,000円以上、50,000円未満",２～５回目,インターネット・アプリ,選択なし/該当施設なし,サケマルシェ,兼六園,,"3,000円以上、5,000円未満",満足,火花のゾーンは、混雑するしよく分からないし…必要なかった？ぬり絵は、楽しかった。,満足,初めてのチームラボ楽しかった。,感じなかった,,10 (ぜひ薦めたい),雰囲気が良い。,夜行ったのでお土産屋は、見れなかったのですが、城バッジがあると嬉しいです！,機会があれば行きたい,ほうじ茶が好きなので、ほうじ茶メインのイベント！,女性,1988,栃木県,足利市,1000万円以上1200万円未満,能登牛が当たる
金沢城公園,2023/10/07 23:46:06,同意する,2泊,2泊,能登エリア （和倉温泉、七尾市、輪島市、珠洲市など）,石川県外には泊まらない,夫婦2人,"宿でのんびり過ごす, 温泉や露天風呂, 地元の美味しいものを食べる, 名所、旧跡の観光, 買い物、アウトレット, お祭りやイベントへの参加・見物, まちあるき、都市散策, ドライブ・ツーリング, 結婚記念日旅行！",新幹線,"路線バス, 徒歩",不満,バスがとてもわかりずらい。Suicaも使えない。1日フリーパスを買ったので何の問題も無かったのですが、Suicaが使えると助かります。,"100,000円以上","30,000円以上、40,000円未満","40,000円以上、50,000円未満",２～５回目,"インターネット・アプリ, Instagram",選択なし/該当施設なし,サケマルシェ,兼六園,,"3,000円以上、5,000円未満",満足,teamLabのクオリティー,満足,トイレ等の各設備がとても綺麗に管理されている。,感じなかった,,10 (ぜひ薦めたい),見応え！綺麗！景色！設備が綺麗！,,機会があれば行きたい,今回は町の雰囲気を堪能したく、歩いて回りました。ベンチ等はあったのでなに不自由無かったのですが、贅沢を言えば所々に足湯等があると凄く嬉しいです。,男性,1984,栃木県,足利市,1200万円以上1500万円未満,能登牛が当たる
金沢城公園,2023/10/10 7:59:57,同意する,2泊,1泊,金沢エリア  （湯涌温泉、深谷温泉、犀川温泉など）,石川県外には泊まらない,夫婦2人,"地元の美味しいものを食べる, 名所、旧跡の観光, お祭りやイベントへの参加・見物, まちあるき、都市散策",自家用車,自家用車,,,"5,000円以上、10,000円未満","10,000円以上、20,000円未満","1,000円以上、3,000円未満",初めて,"新聞・雑誌・ガイドブック, 観光パンフレット・ポスター, インターネット・アプリ",兼六園,,金沢21世紀美術館,,"1,000円以上、3,000円未満",満足,,満足,,感じなかった,,8,,,また行きたい（1年以内）,手軽に美味しい物が食べたいです,女性,1966,埼玉県,戸田市,300万円以上400万円未満,"ひゃくまさんが好き, ARでひゃくまんさんと写真が撮りたかった, 動く３Dひゃくまんさんを見たい"
金沢城公園,2023/10/11 8:02:06,同意する,日帰り,石川県内には宿泊しない,石川県内には宿泊しない,石川県外には泊まらない,友人,"地元の美味しいものを食べる, 花見や紅葉などの自然鑑賞, 名所、旧跡の観光, テーマパーク（遊園地、動物園、博物館など）",県外から訪れていない（石川県内在住）,路線バス,とても満足,フラットバス100円でお安く便利,使わない,"1,000円未満","1,000円以上、3,000円未満",１１回目以上,"観光パンフレット・ポスター, 観光連盟やDMOのHP",兼六園,,選択なし/該当施設なし,,"1,000円以上、3,000円未満",とても満足,チームラボの光の祭り良かった,とても満足,,感じなかった,,10 (ぜひ薦めたい),櫓と光の祭りの美しさ,,また行きたい（1年以内）,特になし,女性,1978,石川県,金沢市,100万円未満,"ひゃくまさんが好き, ARでひゃくまんさんと写真が撮りたかった"
金沢城公園,2023/10/11 9:35:17,同意する,1泊,1泊,金沢エリア  （湯涌温泉、深谷温泉、犀川温泉など）,石川県外には泊まらない,自分ひとり,出張など仕事関係,在来線,"路線バス, 徒歩",不満,全国交通カードが使えず小銭を用意しないといけないのは、とても不便、降車時に時間がかかる人が多い。運転手さんも大変ですし、インバウンドの方も困るのではと思います。復路の乗り場もわかりにくかった。兼六園駐車場の前にあるバス停には、金沢駅方面には行きませんと書いてあって助かったが、他３つのバス停の距離感とか本数とか、一番早か出発する停留所は、どこかなどがわかると助かります。バス停を降りてからの石川門までの進路も暗いのでよくわからず、私と同様迷っている方が多かったです。,"5,000円以上、10,000円未満","1,000円以上、3,000円未満","5,000円以上、10,000円未満",２～５回目,観光協会等の案内所,近江町市場,,選択なし/該当施設なし,,"1,000円以上、3,000円未満",満足,チームラボのお絵描きのエリアは、席は空いていてもクレパスがなくてできなかった、立ち席でもいいので、もう少し増やしたらどうか。,満足,,感じなかった,,10 (ぜひ薦めたい),チームラボは、何度か体験したことがあるが、屋外ははじめてで、石垣との調和が印象的だった。すごく雨が降っていたのでゆっくり眺めることができなかったのは残念、屋根があり座って鑑賞できるエリアがあると助かります。景観的に難しいかもしれませんが、最後の石垣のエリアのあたり,暖かいものが飲める、カフェや抹茶のスペースがあるといいなと思いました。,また行きたい（1年以内）,観光客は時間がないので、飲食店も予約サービスを充実させてほしい,女性,1962,愛知県,稲沢市,700万円以上800万円未満,能登牛が当たる
金沢城公園,2023/10/11 18:14:01,同意する,1泊,1泊,金沢エリア  （湯涌温泉、深谷温泉、犀川温泉など）,石川県外には泊まらない,恋人,地元の美味しいものを食べる,自家用車,自家用車,,,"5,000円以上、10,000円未満","3,000円以上、5,000円未満","10,000円以上、20,000円未満",２～５回目,インターネット・アプリ,兼六園,,金沢21世紀美術館,,"3,000円以上、5,000円未満",とても満足,,とても満足,,感じなかった,,10 (ぜひ薦めたい),,,あまり行きたいと思わない,特になし,女性,2001,富山県,立山町,900万円以上1000万円未満,能登牛が当たる
金沢城公園,2023/10/11 18:25:10,同意する,2泊,2泊,金沢エリア  （湯涌温泉、深谷温泉、犀川温泉など）,石川県外には泊まらない,夫婦2人,地元の美味しいものを食べる,新幹線,路線バス,どちらでもない,とても分かりにくかった,"50,000円以上、100,000円未満","40,000円以上、50,000円未満","100,000円以上",２～５回目,新聞・雑誌・ガイドブック,金沢21世紀美術館,,選択なし/該当施設なし,駅近のお寿司屋,"1,000円未満",とても満足,缶バッチがとても可愛くできました。,とても満足,さすがチームラボさんです。,感じなかった,,9,夜の金沢城でのプロジェクションマッピングは最高に素晴らしいので、薦めたいです。,夜は少し肌寒いので、温かい物がほしいです。,また行きたい（1年以内）,能登牛がとてもおいしかった！,女性,1963,神奈川県,横浜市,400万円以上500万円未満,石川県のおすすめ観光スポットが見たい
金沢城公園,2023/10/12 11:05:47,同意する,4泊以上,石川県内には宿泊しない,石川県内には宿泊しない,客船,親,"地元の美味しいものを食べる, 名所、旧跡の観光",客船,客船,満足,,使わない,使わない,"5,000円以上、10,000円未満",初めて,ツアー,選択なし/該当施設なし,,兼六園,,使わない,満足,,満足,,感じなかった,,7,,,機会があれば行きたい,名所観光、焼物、海鮮料理,女性,1963,広島県,広島市,700万円以上800万円未満,能登牛が当たる
金沢城公園,2023/10/12 19:17:16,同意する,2泊,2泊,金沢エリア  （湯涌温泉、深谷温泉、犀川温泉など）,石川県外には泊まらない,恋人,"地元の美味しいものを食べる, 名所、旧跡の観光, まちあるき、都市散策",新幹線,"路線バス, 徒歩",とても満足,便利,"10,000円以上、20,000円未満","30,000円以上、40,000円未満","10,000円以上、20,000円未満",初めて,インターネット・アプリ,選択なし/該当施設なし,,金沢21世紀美術館,,"1,000円以上、3,000円未満",どちらでもない,チームラボががっかりだった,満足,城自体はよかった,感じた,入口の案内が少ない,7,良いから,なし,機会があれば行きたい,特になし,女性,1992,静岡県,御殿場市,300万円以上400万円未満,能登牛が当たる
金沢城公園,2023/10/12 20:36:13,同意する,1泊,1泊,金沢エリア  （湯涌温泉、深谷温泉、犀川温泉など）,石川県外には泊まらない,恋人,"地元の美味しいものを食べる, 名所、旧跡の観光, テーマパーク（遊園地、動物園、博物館など）",在来線,徒歩,,,"5,000円以上、10,000円未満","10,000円以上、20,000円未満","10,000円以上、20,000円未満",２～５回目,"観光パンフレット・ポスター, インターネット・アプリ",金沢21世紀美術館,,兼六園,,"1,000円以上、3,000円未満",とても満足,,とても満足,,感じなかった,,10 (ぜひ薦めたい),,,機会があれば行きたい,特になし,無回答,1999,兵庫県,神戸市,400万円以上500万円未満,なんとなく
金沢城公園,2023/10/12 20:36:30,同意する,1泊,1泊,金沢エリア  （湯涌温泉、深谷温泉、犀川温泉など）,石川県外には泊まらない,恋人,"宿でのんびり過ごす, 地元の美味しいものを食べる, 花見や紅葉などの自然鑑賞, 名所、旧跡の観光, お祭りやイベントへの参加・見物",在来線,徒歩,とても満足,絵をかけたことによってとても思い出に残りました！！！,"10,000円以上、20,000円未満","5,000円以上、10,000円未満","20,000円以上、30,000円未満",初めて,"観光パンフレット・ポスター, Instagram",近江町市場,,選択なし/該当施設なし,石川図書館,"3,000円以上、5,000円未満",とても満足,色々質問させていただきましたがとても丁寧に答えていただきました,とても満足,初めて行きましたが、とても綺麗でした,感じなかった,,10 (ぜひ薦めたい),徒歩圏内で楽しめるところがたくさんあるところ,,また行きたい（1年以内）,満足してます,女性,2002,兵庫県,神戸市灘区,100万円未満,"能登牛が当たる, ひゃくまさんが好き, 動く３Dひゃくまんさんを見たい, 石川県のおすすめ観光スポットが見たい, 石川県の雑学を知りたい"
金沢城公園,2023/10/12 22:02:38,同意する,1泊,1泊,金沢エリア  （湯涌温泉、深谷温泉、犀川温泉など）,石川県外には泊まらない,友人,"地元の美味しいものを食べる, 名所、旧跡の観光",新幹線,路線バス,どちらでもない,バスがわかりずらい,"5,000円以上、10,000円未満","1,000円以上、3,000円未満","5,000円以上、10,000円未満",初めて,"インターネット・アプリ, 友人・知人",金沢21世紀美術館,,ひがし茶屋街,,"1,000円以上、3,000円未満",満足,綺麗だった,満足,綺麗だった,感じなかった,,9,自然がよい,,機会があれば行きたい,食事,女性,1962,新潟県,十日町市,600万円以上700万円未満,能登牛が当たる
金沢城公園,2023/10/12 22:35:24,同意する,日帰り,石川県内には宿泊しない,石川県内には宿泊しない,地元住民です。,小学生以下連れの家族,チームラボ金沢城光の祭を鑑賞しました。,市内バス,徒歩,,,使わない,使わない,使わない,１１回目以上,"観光展・物産展, TV・ラジオ番組やCM",選択なし/該当施設なし,地元住民であるため。,選択なし/該当施設なし,,"3,000円以上、5,000円未満",とても満足,チームラボ金沢城光の祭を鑑賞しました。最高でした。,とても満足,,感じなかった,,10 (ぜひ薦めたい),,,石川県在住,鶴丸休憩所にスターバックスリージョナルストアを誘致してほしいです。,男性,1984,石川県,金沢市,600万円以上700万円未満,ひゃくまさんが好き
金沢城公園,2023/10/13 13:53:59,同意する,日帰り,石川県内には宿泊しない,石川県内には宿泊しない,石川県外には泊まらない,親,"地元の美味しいものを食べる, 名所、旧跡の観光, まちあるき、都市散策",新幹線,路線バス,満足,今回見たかった場所がバスの本数が多くアクセスは良かった。,使わない,"20,000円以上、30,000円未満","10,000円以上、20,000円未満",初めて,新聞・雑誌・ガイドブック,近江町市場,,選択なし/該当施設なし,,使わない,どちらでもない,お金を支払う行動をしていないので,満足,無料で入れる場所が、他のお城なら有料の場所になるような場所まで入れたから,感じなかった,,8,近江町市場、美味しいものが沢山あったから,特になし,機会があれば行きたい,特になし,男性,1990,東京都,北区,500万円以上600万円未満,なんとなく
金沢城公園,2023/10/13 19:51:50,同意する,日帰り,石川県内には宿泊しない,石川県内には宿泊しない,石川県外には泊まらない,小学生以下連れの家族,テーマパーク（遊園地、動物園、博物館など）,県外から訪れていない（石川県内在住）,自家用車,,,使わない,使わない,"1,000円以上、3,000円未満",２～５回目,インターネット・アプリ,選択なし/該当施設なし,金沢城公園のみ,選択なし/該当施設なし,金沢城公園のみ,"1,000円以上、3,000円未満",とても満足,案内がしっかりしていた,どちらでもない,よくわからない,感じなかった,,2,ない,,石川県在住,石川県の企業でコラボ,男性,1973,石川県,白山市,500万円以上600万円未満,ひゃくまさんが好き
金沢城公園,2023/10/13 19:53:19,同意する,1泊,1泊,金沢エリア  （湯涌温泉、深谷温泉、犀川温泉など）,石川県外には泊まらない,中学生以下連れの家族,"温泉や露天風呂, 地元の美味しいものを食べる, お祭りやイベントへの参加・見物",在来線,徒歩,,,"10,000円以上、20,000円未満",使わない,"5,000円以上、10,000円未満",初めて,インターネット・アプリ,尾山神社,,選択なし/該当施設なし,,"1,000円以上、3,000円未満",とても満足,,満足,チームラボ観てきた,感じた,石川門からのみの入場で一周まわりました,8,チームラボ,ライトアップ,機会があれば行きたい,東茶屋,女性,1969,大阪府,寝屋川市,600万円以上700万円未満,"能登牛が当たる, ひゃくまさんが好き, 動く３Dひゃくまんさんを見たい"
金沢城公園,2023/10/13 20:12:00,同意する,1泊,1泊,金沢エリア  （湯涌温泉、深谷温泉、犀川温泉など）,石川県外には泊まらない,親,"宿でのんびり過ごす, 地元の美味しいものを食べる, 買い物、アウトレット, まちあるき、都市散策",在来線,徒歩,,,"5,000円以上、10,000円未満","5,000円以上、10,000円未満","5,000円以上、10,000円未満",２～５回目,"新聞・雑誌・ガイドブック, インターネット・アプリ",近江町市場,,選択なし/該当施設なし,,"1,000円以上、3,000円未満",とても満足,チームラボのライトアップがとても綺麗だった。展示物に説明もあり、想像よりもボリュームたっぷりで母と二人で行きましたがとても楽しめました。,とても満足,夜暗い道でもスタッフの方が誘導してくださったりライトで階段を照らしてくれたので安心しました。,感じた,金沢城公園に向かうまでの道が案内が少なく、本当に合っているのが辿り着けるのか少し不安でした。チームラボの展示は入り口が限られていたため、分かりやすく大きめの標識などあるととても分かりやすいと思いました。,10 (ぜひ薦めたい),街の景観が綺麗で、自然や芸術やグルメを楽しめるので色んな面で満足できると思いました。,金沢城公園(夜)は、寒さもありかなり歩くため屋台があっても良いのかなと思いました。,また行きたい（1年以内）,特にないです,女性,1998,大阪府,大阪市,400万円以上500万円未満,"能登牛が当たる, ひゃくまさんが好き"
金沢城公園,2023/10/13 20:22:18,同意する,1泊,1泊,金沢エリア  （湯涌温泉、深谷温泉、犀川温泉など）,石川県外には泊まらない,友人,"スポーツ観戦や芸術鑑賞（コンサート等）, まちあるき、都市散策",新幹線,路線バス,満足,バス亭が解りづらい所があった。,"5,000円以上、10,000円未満","10,000円以上、20,000円未満","10,000円以上、20,000円未満",６～１０回目,インターネット・アプリ,金沢21世紀美術館,,ひがし茶屋街,,"1,000円以上、3,000円未満",どちらでもない,サービスを受ける事はなかった。,とても不満,特別感じなかった。,感じなかった,,8,コンパクトに色々な箇所を観光出来て良いから。,特に無し,機会があれば行きたい,特に無し,女性,1962,新潟県,十日町市,500万円以上600万円未満,能登牛が当たる
金沢城公園,2023/10/13 22:43:10,同意する,日帰り,石川県内には宿泊しない,石川県内には宿泊しない,石川県外には泊まらない,自分ひとり,お祭りやイベントへの参加・見物,在来線,路線バス,不満,金沢城公園の入り口がわかりにくかった,"1,000円以上、3,000円未満","1,000円未満","1,000円以上、3,000円未満",６～１０回目,新聞・雑誌・ガイドブック,金沢21世紀美術館,,近江町市場,,"1,000円以上、3,000円未満",とても満足,アートラボがとてもよかった,とても満足,キレイなトイレが多かった,感じなかった,,9,アートラボ　見る価値あり,,機会があれば行きたい,上品さ,女性,1972,石川県,白山市,700万円以上800万円未満,ひゃくまさんが好き
金沢城公園,2023/10/14 21:50:10,同意する,1泊,1泊,能登エリア （和倉温泉、七尾市、輪島市、珠洲市など）,岐阜県,夫婦2人,ドライブ・ツーリング,県外から訪れていない（石川県内在住）,"自家用車, 徒歩",,,"10,000円以上、20,000円未満","10,000円以上、20,000円未満","10,000円以上、20,000円未満",６～１０回目,観光パンフレット・ポスター,兼六園,,近江町市場,,"1,000円以上、3,000円未満",満足,ちょこし値段が高いかな～,とても満足,値段が高いかな,感じなかった,,10 (ぜひ薦めたい),雰囲気や石垣の素晴らしい所,やはり天守閣の復興,また行きたい（1年以内）,金沢駅付近に集中しすぎてる感じがする,男性,1972,石川県,金沢市,200万円以上300万円未満,ひゃくまさんが好き
金沢城公園,2023/10/14 21:50:24,同意する,日帰り,4泊以上,能登エリア （和倉温泉、七尾市、輪島市、珠洲市など）,福井県,夫婦2人,ドライブ・ツーリング,県外から訪れていない（石川県内在住）,"自家用車, 徒歩",,,"20,000円以上、30,000円未満","10,000円以上、20,000円未満","10,000円以上、20,000円未満",６～１０回目,観光パンフレット・ポスター,兼六園,,近江町市場,,"1,000円以上、3,000円未満",満足,とても親切だった。,満足,綺麗だった。,感じなかった,,10 (ぜひ薦めたい),夜のライトアップが良かったから。,もう、ちょっとお値段が安くなると良いと思った。,石川県在住,ひゃくまんさんを、もっと全面に出すべきです。,女性,1984,石川県,金沢市,200万円以上300万円未満,能登牛が当たる
金沢城公園,2023/10/14 22:18:27,同意する,日帰り,1泊,金沢エリア  （湯涌温泉、深谷温泉、犀川温泉など）,石川県外には泊まらない,恋人,"宿でのんびり過ごす, 温泉や露天風呂, 地元の美味しいものを食べる",レンタカー,自家用車,とても満足,,"20,000円以上、30,000円未満","1,000円以上、3,000円未満","1,000円未満",１１回目以上,観光展・物産展,兼六園,,兼六園,,使わない,とても満足,,とても満足,,感じた,,10 (ぜひ薦めたい),,,また行きたい（1年以内）,特に無し,男性,1996,石川県,金沢市,1500万円以上,能登牛が当たる
金沢城公園,2023/10/14 22:39:19,同意する,日帰り,石川県内には宿泊しない,石川県内には宿泊しない,石川県外には泊まらない,小学生以下連れの家族,名所、旧跡の観光,県外から訪れていない（石川県内在住）,自家用車,,,使わない,使わない,"1,000円以上、3,000円未満",初めて,"TV・ラジオ番組やCM, インターネット・アプリ",選択なし/該当施設なし,,選択なし/該当施設なし,,"3,000円以上、5,000円未満",とても満足,チームラボの展示が魅力的だった,満足,人混みではなかった,感じなかった,,10 (ぜひ薦めたい),金沢でしか見れないものが多い,,石川県在住,子連れで飲食できる店を充実させてほしい,男性,1987,石川県,小松市,900万円以上1000万円未満,能登牛が当たる
金沢城公園,2023/10/14 23:07:57,同意する,1泊,1泊,金沢エリア  （湯涌温泉、深谷温泉、犀川温泉など）,石川県外には泊まらない,親,"温泉や露天風呂, 地元の美味しいものを食べる, 名所、旧跡の観光",サンダーバード（JR）,"路線バス, 徒歩",満足,まちバスはとても便利でした。ほかのバスはICOCAが使えなかったので、使えるようにしてもらいたいです,"10,000円以上、20,000円未満","10,000円以上、20,000円未満","10,000円以上、20,000円未満",初めて,"Instagram, TikTok",金沢21世紀美術館,,選択なし/該当施設なし,ホテル,"1,000円未満",とても満足,チームラボ楽しかったです,満足,トイレ綺麗だった！数が少ないから少し増やして欲しいな…,感じなかった,チームラボの入口が分かりにくかった,10 (ぜひ薦めたい),行ってよかったと思います,定期的にイベントをお願いしたいです。兵庫県からまた来たいと思えました！！,また行きたい（1年以内）,ほうじ茶大好きなのでほうじ茶博覧会とか見てみたいです。あと遊園地とか？欲しいなぁ,女性,2003,兵庫県,垂水区,100万円以上200万円未満,"能登牛が当たる, 石川県のおすすめ観光スポットが見たい"
金沢城公園,2023/10/15 8:22:54,同意する,2泊,2泊,金沢エリア  （湯涌温泉、深谷温泉、犀川温泉など）,東京都,夫婦2人,"温泉や露天風呂, 地元の美味しいものを食べる, 名所、旧跡の観光",新幹線,路線バス,とても満足,,"20,000円以上、30,000円未満","30,000円以上、40,000円未満","10,000円以上、20,000円未満",２～５回目,観光パンフレット・ポスター,金沢21世紀美術館,,兼六園,,"3,000円以上、5,000円未満",どちらでもない,,満足,,感じなかった,,8,,,また行きたい（1年以内）,特になし,女性,1994,東京都,八王子市,900万円以上1000万円未満,"能登牛が当たる, ひゃくまさんが好き, ひゃくまんさんの名刺をコレクションしている"
金沢城公園,2023/10/15 12:23:15,同意する,3泊,2泊,金沢エリア  （湯涌温泉、深谷温泉、犀川温泉など）,京都府,友人,"地元の美味しいものを食べる, 名所、旧跡の観光, テーマパーク（遊園地、動物園、博物館など）, まちあるき、都市散策","新幹線, 在来線",路線バス,満足,本数が多くて、自分のタイミングで目的地に向かうことができて便利だったから。,"30,000円以上、40,000円未満","20,000円以上、30,000円未満","50,000円以上、100,000円未満",初めて,"新聞・雑誌・ガイドブック, 観光パンフレット・ポスター, インターネット・アプリ, X(旧：Twitter), 友人・知人",兼六園,,ひがし茶屋街,,"3,000円以上、5,000円未満",満足,ボランティアの方がそれぞれの建物にいらっしゃったので、中に入ってどう歩いたら良いかルートが分かりやすかった。また、展示物に関して説明してくださったりして、ただ自分で見て回るだけでは得られない知識が得られて良い経験になった。,とても満足,広々としていて、のんびりと歩いて見て回ることができて楽しかった。緑が多く、また手入れが行き届いていたので空気も綺麗で居心地が良かった。,感じなかった,,10 (ぜひ薦めたい),名所が多く、またそれぞれの場所が近くて行きやすいので、例えば日数が限られていても充実した旅行になると思ったから。入場料がお手頃な価格なのも嬉しく、そうした点でも他の人にも気軽にお勧めできるポイントだと思った。,クイズラリー,また行きたい（1年以内）,食べ歩きができるような場所があったらぜひ行きたい。,女性,2002,福岡県,北九州市,100万円未満,"能登牛が当たる, ひゃくまさんが好き, ひゃくまんさんの名刺をコレクションしている"
金沢城公園,2023/10/15 13:15:42,同意する,2泊,2泊,加賀エリア （山代温泉、山中温泉、片山津温泉、粟津温泉、辰口温泉、加賀市、小松市など）,石川県外には泊まらない,恋人,"温泉や露天風呂, 地元の美味しいものを食べる",自家用車,自家用車,満足,海鮮系が美味しかった,"20,000円以上、30,000円未満","20,000円以上、30,000円未満","10,000円以上、20,000円未満",２～５回目,"観光展・物産展, 新聞・雑誌・ガイドブック, 観光パンフレット・ポスター",兼六園,,ひがし茶屋街,,"1,000円以上、3,000円未満",満足,,満足,,感じなかった,,9,,,また行きたい（1年以内）,特になし,男性,1992,福井県,敦賀市,400万円以上500万円未満,能登牛が当たる
金沢城公園,2023/10/15 16:09:43,同意する,2泊,2泊,金沢エリア  （湯涌温泉、深谷温泉、犀川温泉など）,石川県外には泊まらない,職場の同僚,"温泉や露天風呂, 地元の美味しいものを食べる, 名所、旧跡の観光, 出張など仕事関係",新幹線,徒歩,,,"5,000円以上、10,000円未満","1,000円未満","3,000円以上、5,000円未満",初めて,観光パンフレット・ポスター,金沢21世紀美術館,,ひがし茶屋街,,"1,000円以上、3,000円未満",とても満足,,とても満足,,感じなかった,,10 (ぜひ薦めたい),,,また行きたい（1年以内）,特になし,女性,1988,東京都,大田区,400万円以上500万円未満,"能登牛が当たる, 石川県のおすすめ観光スポットが見たい"
金沢城公園,2023/10/16 6:42:48,同意する,日帰り,石川県内には宿泊しない,石川県内には宿泊しない,石川県外には泊まらない,小学生以下連れの家族,お祭りやイベントへの参加・見物,自家用車,自家用車,,,使わない,"1,000円以上、3,000円未満","5,000円以上、10,000円未満",１１回目以上,"インターネット・アプリ, X(旧：Twitter), Instagram",金沢21世紀美術館,,兼六園,,"1,000円以上、3,000円未満",満足,,とても満足,,感じなかった,,10 (ぜひ薦めたい),,,また行きたい（1年以内）,特になし,男性,1981,石川県,金沢市,900万円以上1000万円未満,能登牛が当たる
金沢城公園,2023/10/16 23:45:39,同意する,1泊,1泊,金沢エリア  （湯涌温泉、深谷温泉、犀川温泉など）,石川県外には泊まらない,家族,"花見や紅葉などの自然鑑賞, 名所、旧跡の観光",在来線,路線バス,満足,1日乗車券で色々回れた,"5,000円以上、10,000円未満","5,000円以上、10,000円未満","20,000円以上、30,000円未満",初めて,インターネット・アプリ,金沢21世紀美術館,,近江町市場,,"1,000円以上、3,000円未満",満足,チームラボのイベントが良かった,満足,,感じなかった,,9,チームラボ,,また行きたい（1年以内）,新幹線などで食べれる商品がほしい,女性,1997,大阪府,藤井寺市,500万円以上600万円未満,ひゃくまさんが好き
金沢城公園,2023/10/17 10:14:09,同意する,2泊,2泊,金沢エリア  （湯涌温泉、深谷温泉、犀川温泉など）,石川県外には泊まらない,友人,"宿でのんびり過ごす, 地元の美味しいものを食べる, スポーツ観戦や芸術鑑賞（コンサート等）",新幹線,路線バス,満足,東京からのアクセスの良さ。,"10,000円以上、20,000円未満","3,000円以上、5,000円未満","10,000円以上、20,000円未満",初めて,観光パンフレット・ポスター,兼六園,県立美術館,選択なし/該当施設なし,,"1,000円未満",とても満足,,とても満足,,感じなかった,,10 (ぜひ薦めたい),食べ物もよく、アクセスもよい。美しくて静かな街。,,機会があれば行きたい,県立美術館はもう少し拡充してもらいたいな。,女性,1971,埼玉県,入間市,900万円以上1000万円未満,ARでひゃくまんさんと写真が撮りたかった
金沢城公園,2023/10/18 11:52:44,同意する,日帰り,石川県内には宿泊しない,石川県内には宿泊しない,石川県外には泊まらない,友人,"地元の美味しいものを食べる, 名所、旧跡の観光, まちあるき、都市散策",在来線,徒歩,とても満足,街並みが綺麗でとても素敵でした,使わない,"5,000円以上、10,000円未満","20,000円以上、30,000円未満",初めて,"インターネット・アプリ, 友人・知人",兼六園,,兼六園,,"3,000円以上、5,000円未満",とても満足,庭園が素敵で見てるだけで癒される,とても満足,休めるところがたくさんありとても助かりました,感じなかった,何ヶ所かある入り口がわかりにくいかなと思いました,10 (ぜひ薦めたい),街並みが本当に素敵で他の友人と訪れたいと思ってます,,また行きたい（1年以内）,のどぐろの一人分のもう少し小さいお土産があると嬉しいなと思いました,女性,1981,大阪府,大阪市,300万円以上400万円未満,"能登牛が当たる, 石川県のおすすめ観光スポットが見たい"
金沢城公園,2023/10/18 14:13:10,同意する,2泊,2泊,金沢エリア  （湯涌温泉、深谷温泉、犀川温泉など）,石川県外には泊まらない,夫婦2人,"地元の美味しいものを食べる, 名所、旧跡の観光",新幹線,旅行会社ツアーバス,どちらでもない,結構歩いて疲れた,"5,000円以上、10,000円未満","20,000円以上、30,000円未満","30,000円以上、40,000円未満",２～５回目,インターネット・アプリ,近江町市場,,近江町市場,,"1,000円未満",満足,期待通りだった,満足,期待通りだった,感じなかった,,7,歴史を感じたかったので,特にない,機会があれば行きたい,海産物が美味しい,男性,1963,千葉県,佐倉市,400万円以上500万円未満,石川県のおすすめ観光スポットが見たい
金沢城公園,2023/10/19 17:00:06,同意する,1泊,1泊,金沢エリア  （湯涌温泉、深谷温泉、犀川温泉など）,石川県外には泊まらない,自分ひとり,"地元の美味しいものを食べる, 名所、旧跡の観光, まちあるき、都市散策, 出張など仕事関係",新幹線,徒歩,,,"5,000円以上、10,000円未満","20,000円以上、30,000円未満","10,000円以上、20,000円未満",初めて,"新聞・雑誌・ガイドブック, 観光パンフレット・ポスター, 観光協会等の案内所",兼六園,,金沢21世紀美術館,,使わない,どちらでもない,広すぎて何もない,どちらでもない,,感じた,方向が分からなくなった,8,独特の街並み、加賀料理,もう少し売店等あると良い,また行きたい（1年以内）,かなりたくさんあって迷う,男性,1978,東京都,板橋区,1000万円以上1200万円未満,"能登牛が当たる, 石川県のおすすめ観光スポットが見たい"
金沢城公園,2023/10/19 19:24:22,同意する,日帰り,石川県内には宿泊しない,石川県内には宿泊しない,石川県外には泊まらない,恋人,地元の美味しいものを食べる,自家用車,自家用車,とても満足,バッジ楽しかった,"5,000円以上、10,000円未満","1,000円以上、3,000円未満","5,000円以上、10,000円未満",初めて,観光展・物産展,兼六園,,近江町市場,,"1,000円以上、3,000円未満",とても満足,バッジ楽しかった,とても満足,,感じなかった,,10 (ぜひ薦めたい),,,また行きたい（1年以内）,金箔ソフト金沢城に設置,男性,1998,富山県,富山市,300万円以上400万円未満,能登牛が当たる
金沢城公園,2023/10/19 19:24:52,同意する,日帰り,石川県内には宿泊しない,石川県内には宿泊しない,富山県,恋人,花見や紅葉などの自然鑑賞,自家用車,自家用車,,,使わない,使わない,"3,000円以上、5,000円未満",２～５回目,Instagram,兼六園,,選択なし/該当施設なし,飲食店,"1,000円未満",とても満足,バッチを作れたから,とても満足,チームラボが楽しかった,感じなかった,トイレがたくさんあったから,10 (ぜひ薦めたい),いいデートになったから,飲食店があればいいと思った,また行きたい（1年以内）,特になし,女性,1998,富山県,富山市,300万円以上400万円未満,"能登牛が当たる, ひゃくまさんが好き, なんとなく"
金沢城公園,2023/10/19 21:14:41,同意する,2泊,2泊,金沢エリア  （湯涌温泉、深谷温泉、犀川温泉など）,石川県外には泊まらない,恋人,"地元の美味しいものを食べる, 名所、旧跡の観光",在来線,在来線,満足,バスの本数が多く、あまり困る事なく移動できた,"10,000円以上、20,000円未満","10,000円以上、20,000円未満","10,000円以上、20,000円未満",初めて,"観光パンフレット・ポスター, インターネット・アプリ",ひがし茶屋街,,金沢21世紀美術館,,"1,000円以上、3,000円未満",どちらでもない,,どちらでもない,,感じた,できれば,10 (ぜひ薦めたい),東茶屋町の町家並などが良く薦めたい,公園内にも、お土産や茶屋があれば良いなぁと思う,機会があれば行きたい,駅から近い飲食店が、もう少しあれば良い,女性,1971,大阪府,八尾市,200万円以上300万円未満,ひゃくまさんが好き
金沢城公園,2023/10/20 8:50:30,同意する,日帰り,石川県内には宿泊しない,石川県内には宿泊しない,石川県民です,中学生以下連れの家族,"地元の美味しいものを食べる, 名所、旧跡の観光",自家用車,自家用車,,,使わない,使わない,"3,000円以上、5,000円未満",１１回目以上,"新聞・雑誌・ガイドブック, インターネット・アプリ",兼六園,,兼六園,,"1,000円以上、3,000円未満",満足,,満足,,感じなかった,,7,キレイだから,テイクアウト,石川県在住,特になし,女性,1975,石川県,野々市,400万円以上500万円未満,"ひゃくまさんが好き, ARでひゃくまんさんと写真が撮りたかった, ひゃくまんさんの名刺をコレクションしている"
金沢城公園,2023/10/20 9:05:25,同意する,1泊,1泊,金沢エリア  （湯涌温泉、深谷温泉、犀川温泉など）,石川県外には泊まらない,恋人,"地元の美味しいものを食べる, 名所、旧跡の観光",自家用車,徒歩,,,"5,000円以上、10,000円未満","20,000円以上、30,000円未満","40,000円以上、50,000円未満",初めて,"観光パンフレット・ポスター, インターネット・アプリ, X(旧：Twitter), Instagram, 友人・知人",金沢21世紀美術館,,近江町市場,,"1,000円以上、3,000円未満",とても満足,,とても満足,,感じなかった,,10 (ぜひ薦めたい),おでんが美味しい、街並みがきれい,特になし,また行きたい（1年以内）,特になし,男性,1993,群馬県,高崎市,600万円以上700万円未満,能登牛が当たる
金沢城公園,2023/10/20 12:20:48,同意する,2泊,2泊,金沢エリア  （湯涌温泉、深谷温泉、犀川温泉など）,石川県外には泊まらない,娘,"温泉や露天風呂, 地元の美味しいものを食べる, 名所、旧跡の観光, お祭りやイベントへの参加・見物, まちあるき、都市散策",新幹線,路線バス,満足,路線バスが頻繁にでてる,"10,000円以上、20,000円未満","1,000円以上、3,000円未満","20,000円以上、30,000円未満",初めて,"新聞・雑誌・ガイドブック, 観光パンフレット・ポスター, インターネット・アプリ, X(旧：Twitter), Instagram",兼六園,,選択なし/該当施設なし,,"1,000円以上、3,000円未満",満足,チームラボの光の祭が素晴らしかった。,満足,,感じなかった,,8,,,また行きたい（1年以内）,とにかく海鮮が美味しい。,女性,1967,東京都,板橋区,600万円以上700万円未満,ひゃくまさんが好き
金沢城公園,2023/10/20 21:19:04,同意する,2泊,2泊,金沢エリア  （湯涌温泉、深谷温泉、犀川温泉など）,石川県外には泊まらない,夫婦2人,"名所、旧跡の観光, まちあるき、都市散策",新幹線,路線バス,満足,金沢周遊バスを利用してあちこち回れた。,"20,000円以上、30,000円未満","20,000円以上、30,000円未満","20,000円以上、30,000円未満",初めて,"観光パンフレット・ポスター, インターネット・アプリ",ひがし茶屋街,,選択なし/該当施設なし,水引きミュージアム,"1,000円以上、3,000円未満",とても満足,光の祭を見られてとても良かった,とても満足,,感じなかった,,10 (ぜひ薦めたい),石垣,,機会があれば行きたい,バス停で降りたあとの行き方の案内表示がなくて分かりにくかった。,女性,1955,福島県,いわき市,400万円以上500万円未満,能登牛が当たる
金沢城公園,2023/10/20 21:57:50,同意する,2泊,1泊,能登エリア （和倉温泉、七尾市、輪島市、珠洲市など）,富山県,夫婦2人,"温泉や露天風呂, 名所、旧跡の観光, まちあるき、都市散策",飛行機,旅行会社ツアーバス,満足,座席がゆったりしていた。,"20,000円以上、30,000円未満","10,000円以上、20,000円未満","5,000円以上、10,000円未満",初めて,観光パンフレット・ポスター,尾山神社,,近江町市場,,使わない,どちらでもない,,満足,鼠多門付近の石垣,感じなかった,,7,尾山神社の不思議な建物,飲食、土産など楽しむ時間が無かった,機会があれば行きたい,近江市場の新鮮で豊富な食材。買って帰りたいものがいっぱいあったが、やはり鮮度が命で断念した。,女性,1950,東京都,江戸川区,300万円以上400万円未満,"能登牛が当たる, 石川県の雑学を知りたい"
金沢城公園,2023/10/21 19:39:07,同意する,日帰り,1泊,金沢エリア  （湯涌温泉、深谷温泉、犀川温泉など）,石川県外には泊まらない,恋人,温泉や露天風呂,自家用車,自家用車,とても満足,,"10,000円以上、20,000円未満","10,000円以上、20,000円未満","10,000円以上、20,000円未満",２～５回目,"観光展・物産展, 新聞・雑誌・ガイドブック",兼六園,,金沢21世紀美術館,,"10,000円以上、20,000円未満",とても満足,,満足,,感じた,,10 (ぜひ薦めたい),,,機会があれば行きたい,特になし,男性,1997,京都府,舞鶴市,300万円以上400万円未満,能登牛が当たる
金沢城公園,2023/10/21 20:17:10,同意する,1泊,1泊,金沢エリア  （湯涌温泉、深谷温泉、犀川温泉など）,石川県外には泊まらない,恋人,"地元の美味しいものを食べる, 名所、旧跡の観光",在来線,徒歩,,,"5,000円以上、10,000円未満","5,000円以上、10,000円未満","5,000円以上、10,000円未満",初めて,インターネット・アプリ,兼六園,,金沢21世紀美術館,,使わない,とても満足,職員がとても親切だったから,とても満足,とても綺麗に整備されていたから,感じた,少し暗すぎるとこが見られた,10 (ぜひ薦めたい),名所の回りやすさ,カフェ以外も増やしてほしあ,機会があれば行きたい,今回とは違う季節に着てみたいと思う,男性,1992,兵庫県,芦屋市,700万円以上800万円未満,能登牛が当たる
金沢城公園,2023/10/22 21:46:44,同意する,1泊,1泊,金沢エリア  （湯涌温泉、深谷温泉、犀川温泉など）,石川県外には泊まらない,友人,"温泉や露天風呂, お祭りやイベントへの参加・見物, まちあるき、都市散策",在来線,"在来線, 路線バス, 徒歩, 友達の車",とても満足,100円バスがとても便利でした。,"20,000円以上、30,000円未満","3,000円以上、5,000円未満","3,000円以上、5,000円未満",２～５回目,"観光パンフレット・ポスター, 観光協会等の案内所",尾山神社,,金沢21世紀美術館,,"1,000円以上、3,000円未満",満足,観光案内の方の対応がとても丁寧でよかったから,不満,お花の寄せ植えや様々なオブジェが歓迎ムード満点だったから,感じなかった,,10 (ぜひ薦めたい),100万石文化祭など文化の秋にふさわしい催し物が満載でよいから,金沢城内にも、お食事処が少しあるとよい,また行きたい（1年以内）,特になし,女性,1962,富山県,富山市,400万円以上500万円未満,なんとなく
金沢城公園,2023/10/22 21:49:30,同意する,日帰り,石川県内には宿泊しない,石川県内には宿泊しない,石川県外には泊まらない,親,スポーツ観戦や芸術鑑賞（コンサート等）,県外から訪れていない（石川県内在住）,自家用車,,,使わない,"1,000円以上、3,000円未満",使わない,１１回目以上,"インターネット・アプリ, Facebook",選択なし/該当施設なし,,選択なし/該当施設なし,,使わない,とても満足,,満足,,感じなかった,,8,風景の美しさ、歴史的建造物が見事だったから,,石川県在住,特になし,女性,1971,石川県,白山市,500万円以上600万円未満,"ひゃくまさんが好き, ARでひゃくまんさんと写真が撮りたかった"
金沢城公園,2023/10/22 22:30:47,同意する,1泊,1泊,金沢エリア  （湯涌温泉、深谷温泉、犀川温泉など）,石川県外には泊まらない,友人,"地元の美味しいものを食べる, 名所、旧跡の観光, テーマパーク（遊園地、動物園、博物館など）, まちあるき、都市散策",高速バス,"徒歩, レンタサイクル",とても満足,レンタサイクルのポートが複数あり使用しやすかったです。,"5,000円以上、10,000円未満","10,000円以上、20,000円未満","5,000円以上、10,000円未満",初めて,"インターネット・アプリ, 友人・知人",金沢21世紀美術館,からくり館,選択なし/該当施設なし,石川県立美術館 ひがし茶屋街,"20,000円以上、30,000円未満",とても満足,夜間ライトアップが良かった。交通手段が整っていた。,とても満足,解説が詳しい。トイレが多いので助かる。,感じなかった,,10 (ぜひ薦めたい),見るところが沢山あって見所に困らないため。,,機会があれば行きたい,金沢駅前の飲食店が早く閉まるので、遅くまで開いているとありがたいです。,女性,1988,宮城県,仙台市,300万円以上400万円未満,名刺のひゃくまんさんに惹かれてついでに答えてみようと思った
金沢城公園,2023/10/22 23:57:14,同意する,日帰り,石川県内には宿泊しない,石川県内には宿泊しない,石川県外には泊まらない,自分ひとり,まちあるき、都市散策,県外から訪れていない（石川県内在住）,自家用車,,,使わない,使わない,"5,000円以上、10,000円未満",１１回目以上,インターネット・アプリ,兼六園,,金沢21世紀美術館,,"3,000円以上、5,000円未満",とても満足,,とても満足,,感じなかった,,10 (ぜひ薦めたい),,,また行きたい（1年以内）,ひゃくまんさんグッズ(特に背中の図柄を重視してほしい),女性,1974,石川県,野々市市,900万円以上1000万円未満,ひゃくまさんが好き
金沢城公園,2023/10/23 14:33:41,同意する,3泊,3泊,金沢エリア  （湯涌温泉、深谷温泉、犀川温泉など）,石川県外には泊まらない,自分ひとり,実家に帰省。,新幹線,徒歩,,バスの本数もたくさんあって、よかった。,"20,000円以上、30,000円未満","20,000円以上、30,000円未満","20,000円以上、30,000円未満",２～５回目,"観光展・物産展, 新聞・雑誌・ガイドブック, 観光パンフレット・ポスター",選択なし/該当施設なし,,兼六園,,"1,000円以上、3,000円未満",どちらでもない,イベントが行われてなかったため。,満足,きれいにゴミひとつ落ちていなかった。,感じなかった,,9,ライトアップ,,また行きたい（1年以内）,和菓子、きんつば、カニ、食べ物が美味しい,女性,1977,東京都,府中市,500万円以上600万円未満,"能登牛が当たる, ひゃくまさんが好き, 石川県のおすすめ観光スポットが見たい"
金沢城公園,2023/10/23 17:26:26,同意する,2泊,2泊,能登エリア （和倉温泉、七尾市、輪島市、珠洲市など）,石川県外には泊まらない,中学生以下連れの家族,"地元の美味しいものを食べる, 名所、旧跡の観光",自家用車,自家用車,,,"10,000円以上、20,000円未満","5,000円以上、10,000円未満","40,000円以上、50,000円未満",初めて,友人・知人,選択なし/該当施設なし,,ひがし茶屋街,,"1,000円以上、3,000円未満",満足,,満足,,感じなかった,,8,,,機会があれば行きたい,特になし,女性,1988,岐阜県,岐阜市,400万円以上500万円未満,能登牛が当たる
金沢城公園,2023/10/23 23:46:23,同意する,1泊,1泊,金沢エリア  （湯涌温泉、深谷温泉、犀川温泉など）,石川県外には泊まらない,友人,友人・親戚を訪ねる,在来線,路線バス,どちらでもない,乗り放題を買ったが、意外と歩ける距離にありあまり使わなかった。種類が多くてよかった。パンフレットにほかの路線図もあると嬉しかった,使わない,"1,000円以上、3,000円未満","10,000円以上、20,000円未満",初めて,"観光展・物産展, インターネット・アプリ, X(旧：Twitter), Instagram",金沢21世紀美術館,,選択なし/該当施設なし,,"3,000円以上、5,000円未満",満足,,満足,,感じなかった,,6,,,機会があれば行きたい,特になし。特産があまり分からなかった,女性,1997,兵庫県,尼崎市,300万円以上400万円未満,"能登牛が当たる, ひゃくまさんが好き, ARでひゃくまんさんと写真が撮りたかった"
金沢城公園,2023/10/25 5:34:56,同意する,4泊以上,2泊,金沢エリア  （湯涌温泉、深谷温泉、犀川温泉など）,京都,小学生以下連れの家族,"地元の美味しいものを食べる, 花見や紅葉などの自然鑑賞, 名所、旧跡の観光, まちあるき、都市散策",新幹線,"タクシー, 路線バス",とても不満,大人3人、小学生低学年1人、幼稚園児1人の計5人でした。うち一名が足を痛めていた事と子ども2人が小さいので、混んでいるバスに乗るのが大変な為、移動手段は主にタクシーを想定しておりましたが、一台では全員乗車できないと何度も乗車を断られました。場所によってはタクシー2台がなかなか捕まらず、また金額もかさんで想定外の状態。ほかの観光地では今までこんなことはなかったので正直に言って驚きました。県の決まり（ルール）というのなら、しょうがないとは思いますが、それならば観光客へその旨の周知徹底してほしいです。,"10,000円以上、20,000円未満","3,000円以上、5,000円未満","5,000円以上、10,000円未満",初めて,新聞・雑誌・ガイドブック,兼六園,,近江町市場,,"1,000円以上、3,000円未満",どちらでもない,お城内部の見学代は適正価格だと思いました,満足,お庭なども大変広く開放感があってよかった。芝生なども手入れされていて、とても綺麗でした,感じた,トイレをもう少しいろんな場所に設置してほしい。,3,金沢城と兼六園の緑の綺麗なところ。,茶店があちこちにあり、十分だと思います。,あまり行きたいと思わない,特になし,女性,1979,東京都,港区,300万円以上400万円未満,ひゃくまさんが好き
金沢城公園,2023/10/25 20:31:50,同意する,日帰り,石川県内には宿泊しない,石川県内には宿泊しない,福井県,自分ひとり,地元の美味しいものを食べる,自家用車,在来線,とても満足,石川らしさを感じれた,"40,000円以上、50,000円未満","10,000円以上、20,000円未満","50,000円以上、100,000円未満",２～５回目,観光展・物産展,兼六園,,兼六園,,"10,000円以上、20,000円未満",とても満足,観光客向けだと思った,とても満足,久しぶりぶりにあるい,感じなかった,,10 (ぜひ薦めたい),,,また行きたい（1年以内）,美味しいご飯を食べたい,男性,2002,石川県,金沢市,200万円以上300万円未満,能登牛が当たる
金沢城公園,2023/10/26 9:59:47,同意する,2泊,2泊,能登エリア （和倉温泉、七尾市、輪島市、珠洲市など）,石川県外には泊まらない,親,"地元の美味しいものを食べる, 名所、旧跡の観光, 買い物、アウトレット, お祭りやイベントへの参加・見物, まちあるき、都市散策",飛行機,タクシー,満足,異様な程丁寧な接客対応,"10,000円以上、20,000円未満","50,000円以上、100,000円未満","30,000円以上、40,000円未満",初めて,"新聞・雑誌・ガイドブック, 観光パンフレット・ポスター, インターネット・アプリ",選択なし/該当施設なし,珠洲市のイベントに2日掛けて参加していた為、他にまわる時間が無かった,金沢21世紀美術館,,"3,000円以上、5,000円未満",満足,チームラボのマッピングが良かった,満足,チームラボので夜は映えていた,感じた,城なこで仕方ない事だが、足腰の悪い人には少し不便に思った,8,金沢駅、色々な主要駅を見てきたが他に無いくらいに見栄えが良かった,,機会があれば行きたい,特になし,男性,1997,東京都,府中市,100万円以上200万円未満,なんとなく
金沢城公園,2023/10/27 20:14:25,同意する,2泊,2泊,金沢エリア  （湯涌温泉、深谷温泉、犀川温泉など）,石川県外には泊まらない,職場の同僚,出張など仕事関係,新幹線,徒歩,,,"3,000円以上、5,000円未満","20,000円以上、30,000円未満","20,000円以上、30,000円未満",２～５回目,観光協会等の案内所,兼六園,,近江町市場,,使わない,どちらでもない,買い物等はしていない,満足,掃除も行き届いているし、仕事をされている方の対応も気持ちが良いから。,感じなかった,,10 (ぜひ薦めたい),歴史的な観光スポットが多い。食も楽しめる。,特にありません。,機会があれば行きたい,特に無し,女性,1964,埼玉県,坂戸市,200万円以上300万円未満,ひゃくまさんが好き
金沢城公園,2023/10/28 1:41:44,同意する,1泊,1泊,金沢エリア  （湯涌温泉、深谷温泉、犀川温泉など）,石川県外には泊まらない,兄弟,"宿でのんびり過ごす, 地元の美味しいものを食べる, 花見や紅葉などの自然鑑賞, 名所、旧跡の観光, お祭りやイベントへの参加・見物",新幹線,"路線バス, 徒歩",満足,バスの本数が多くてよかった。,"10,000円以上、20,000円未満","30,000円以上、40,000円未満","10,000円以上、20,000円未満",初めて,"Instagram, ブログ",兼六園,,近江町市場,,"1,000円以上、3,000円未満",とても満足,チームラボの展示をみた。とても感動した。,満足,金沢城自体がキレイだったので満足だが、多くの入口があり、目的の入口へ行くためのわかりやすい案内板があるとよかった。,感じた,目的の入口が見つけにくかった。,9,新幹線で行きやすい観光地だから。簡単に非日常を味わえた。,,機会があれば行きたい,のどぐろ、甘海老などの石川県っぽい海鮮,女性,1986,千葉県,千葉市,300万円以上400万円未満,"能登牛が当たる, なんとなく"
金沢城公園,2023/10/28 13:17:12,同意する,1泊,1泊,金沢エリア  （湯涌温泉、深谷温泉、犀川温泉など）,石川県外には泊まらない,親,"地元の美味しいものを食べる, 名所、旧跡の観光","新幹線, 在来線",路線バス,とても満足,やすい,"3,000円以上、5,000円未満","10,000円以上、20,000円未満","10,000円以上、20,000円未満",初めて,"新聞・雑誌・ガイドブック, 観光パンフレット・ポスター",近江町市場,,金沢21世紀美術館,,使わない,とても満足,きれい,とても満足,きれい,感じなかった,,8,,,また行きたい（1年以内）,特になし,女性,1997,愛知県,名古屋市,900万円以上1000万円未満,能登牛が当たる
金沢城公園,2023/10/28 20:42:58,同意する,1泊,1泊,金沢エリア  （湯涌温泉、深谷温泉、犀川温泉など）,石川県外には泊まらない,小学生以下連れの家族,"名所、旧跡の観光, お祭りやイベントへの参加・見物, 各種体験（手作り、果物狩りなど）",在来線,"在来線, 路線バス, 徒歩",,,"50,000円以上、100,000円未満","10,000円以上、20,000円未満","50,000円以上、100,000円未満",初めて,インターネット・アプリ,ひがし茶屋街,,選択なし/該当施設なし,,"3,000円以上、5,000円未満",とても満足,プロジェクションマッピングでのイベントがあると知らなかったので夜が楽しかったです,満足,,感じなかった,,8,昼間の観光だけでは無いという点,,機会があれば行きたい,なし,男性,1976,大阪府,大阪市西区,800万円以上900万円未満,なんとなく
金沢城公園,2023/10/29 9:06:34,同意する,日帰り,石川県内には宿泊しない,石川県内には宿泊しない,自宅から。白山市,自分ひとり,お祭りやイベントへの参加・見物,在来線,徒歩,,,"1,000円未満","1,000円未満",使わない,１１回目以上,"新聞・雑誌・ガイドブック, インターネット・アプリ",尾山神社,,選択なし/該当施設なし,,使わない,とても満足,,とても満足,,感じなかった,,10 (ぜひ薦めたい),綺麗にしてあるなあと思いました。ライトアップが綺麗でした。,,石川県在住,美味しいものたくさんあり、今は国民文化祭で見どころがたくさんあります！,女性,1968,石川県,白山市,300万円以上400万円未満,"能登牛が当たる, ひゃくまさんが好き"
金沢城公園,2023/10/29 11:28:59,同意する,2泊,2泊,能登エリア （和倉温泉、七尾市、輪島市、珠洲市など）,石川県外には泊まらない,夫婦2人,"温泉や露天風呂, 地元の美味しいものを食べる, 名所、旧跡の観光, まちあるき、都市散策",旅行会社ツアーバス,旅行会社ツアーバス,満足,近くに止めてくれて また迎えに来てくれたのでとてもらくでした,"50,000円以上、100,000円未満",使わない,"10,000円以上、20,000円未満",初めて,ツアーのコースにはいっていた,選択なし/該当施設なし,,ひがし茶屋街,,"1,000円以上、3,000円未満",満足,景観がよかった,満足,芝が歩きやすかった　,感じなかった,,7,景観がよかったこと　温泉もまあよかった,特になです,機会があれば行きたい,特にないです,男性,1958,埼玉県,川越市,600万円以上700万円未満,能登牛が当たる
金沢城公園,2023/10/29 14:23:57,同意する,1泊,1泊,金沢エリア  （湯涌温泉、深谷温泉、犀川温泉など）,石川県外には泊まらない,夫婦2人,"お祭りやイベントへの参加・見物, まちあるき、都市散策, 友人・親戚を訪ねる",飛行機,タクシー,満足,,"10,000円以上、20,000円未満","40,000円以上、50,000円未満","20,000円以上、30,000円未満",６～１０回目,"インターネット・アプリ, 友人・知人",選択なし/該当施設なし,にし茶屋街,兼六園,,"1,000円以上、3,000円未満",満足,,満足,,感じなかった,,8,,,また行きたい（1年以内）,特になし,女性,1970,東京都,港区,1000万円以上1200万円未満,"能登牛が当たる, 石川県のおすすめ観光スポットが見たい, 石川県の雑学を知りたい"
金沢城公園,2023/10/29 21:35:49,同意する,4泊以上,4泊以上,金沢エリア  （湯涌温泉、深谷温泉、犀川温泉など）,石川県外には泊まらない,家族,"お祭りやイベントへの参加・見物, 金沢マラソン",夜行バス,レンタカー,とても満足,自由度が高かった,"10,000円以上、20,000円未満","3,000円以上、5,000円未満","20,000円以上、30,000円未満",６～１０回目,友人・知人,尾山神社,,兼六園,,"1,000円以上、3,000円未満",どちらでもない,,どちらでもない,,感じなかった,,10 (ぜひ薦めたい),金沢城光の祭りチームラボが素晴らしかった,,また行きたい（1年以内）,金沢ぐるめ食べ歩き,女性,1965,神奈川県,横浜市,100万円未満,"能登牛が当たる, ひゃくまさんが好き, 石川県のおすすめ観光スポットが見たい, 石川県の雑学を知りたい"
金沢城公園,2023/10/29 23:51:33,同意する,2泊,2泊,金沢エリア  （湯涌温泉、深谷温泉、犀川温泉など）,石川県外には泊まらない,自分ひとり,金沢マラソン,新幹線,路線バス,,,"10,000円以上、20,000円未満","10,000円以上、20,000円未満","10,000円以上、20,000円未満",２～５回目,"観光パンフレット・ポスター, 観光連盟やDMOのHP, TeamLabのHP",選択なし/該当施設なし,ホテルから直接,選択なし/該当施設なし,片町（夕食）,"1,000円以上、3,000円未満",満足,夜間イベント足元や展示物の説明がもう少し見やすいと良い,満足,,感じた,,8,美味しいものがたくさんあり、季節がとても良い,野点などの趣のある飲食スペース、薪能などの伝統芸能,機会があれば行きたい,郷土料理と歴史的建造物,女性,1985,東京都,目黒区,400万円以上500万円未満,能登牛が当たる
金沢城公園,2023/10/31 14:21:47,同意する,日帰り,石川県内には宿泊しない,石川県内には宿泊しない,石川県外には泊まらない,夫婦2人,"地元の美味しいものを食べる, 名所、旧跡の観光",在来線,徒歩,,,使わない,"20,000円以上、30,000円未満","10,000円以上、20,000円未満",初めて,"新聞・雑誌・ガイドブック, TV・ラジオ番組やCM",尾山神社,,兼六園,,"1,000円未満",どちらでもない,,満足,綺麗,感じなかった,,7,金沢に来たことがない人に,食事するところがない,機会があれば行きたい,特になし,男性,1969,京都府,京都市,700万円以上800万円未満,"能登牛が当たる, ひゃくまさんが好き, 石川県のおすすめ観光スポットが見たい"
金沢城公園,2023/10/31 16:19:20,同意する,1泊,1泊,金沢エリア  （湯涌温泉、深谷温泉、犀川温泉など）,石川県外には泊まらない,娘,"地元の美味しいものを食べる, 名所、旧跡の観光, テーマパーク（遊園地、動物園、博物館など）, まちあるき、都市散策",在来線,路線バス,満足,,"10,000円以上、20,000円未満","5,000円以上、10,000円未満","20,000円以上、30,000円未満",初めて,観光パンフレット・ポスター,尾山神社,,兼六園,,"1,000円以上、3,000円未満",とても満足,公園内の庭園で温かい言葉とすてきなお庭に満足。,とても満足,同上と同じ,感じなかった,,10 (ぜひ薦めたい),食事とお宿。神社など,建築中の建物ができるのが楽しみです。,また行きたい（1年以内）,お茶やお菓子が満足しました。,女性,1967,愛知県,小牧市,600万円以上700万円未満,石川県の雑学を知りたい
金沢城公園,2023/10/31 17:53:35,同意する,日帰り,石川県内には宿泊しない,石川県内には宿泊しない,石川県外には泊まらない,夫婦2人,"地元の美味しいものを食べる, 名所、旧跡の観光",在来線,徒歩,,,使わない,"10,000円以上、20,000円未満","10,000円以上、20,000円未満",初めて,"新聞・雑誌・ガイドブック, TV・ラジオ番組やCM, インターネット・アプリ",尾山神社,,兼六園,,"1,000円未満",どちらでもない,,満足,綺麗　わかりやすい,感じなかった,,7,一度は訪れた方がいい,飲食店を増やせばいい,機会があれば行きたい,今のままで良い,男性,1969,京都府,京都市,700万円以上800万円未満,"能登牛が当たる, ひゃくまさんが好き, 石川県のおすすめ観光スポットが見たい"
金沢城公園,2023/10/31 19:53:04,同意する,日帰り,石川県内には宿泊しない,石川県内には宿泊しない,富山県,恋人,まちあるき、都市散策,旅行会社ツアーバス,路線バス,満足,快適,使わない,使わない,"1,000円未満",初めて,観光協会等の案内所,近江町市場,,選択なし/該当施設なし,帰る。,使わない,満足,,満足,,感じなかった,,9,施設入場２日間フリーきっぷ,何もなくて良い,また行きたい（1年以内）,地物。,女性,1969,富山県,砺波市,1000万円以上1200万円未満,なんとなく
金沢城公園,2023/11/01 19:01:44,同意する,日帰り,石川県内には宿泊しない,石川県内には宿泊しない,石川県外には泊まらない,自分ひとり,"宿でのんびり過ごす, 温泉や露天風呂, 地元の美味しいものを食べる",県外から訪れていない（石川県内在住）,徒歩,,,使わない,使わない,使わない,２～５回目,"新聞・雑誌・ガイドブック, TV・ラジオ番組やCM, 観光パンフレット・ポスター",金沢21世紀美術館,,兼六園,,使わない,満足,,とても満足,,感じなかった,,10 (ぜひ薦めたい),,,石川県在住,特になし,男性,2010,石川県,金沢市,1500万円以上,なんとなく
金沢城公園,2023/11/02 7:12:13,同意する,日帰り,石川県内には宿泊しない,石川県内には宿泊しない,石川県外には泊まらない,友人,地元の美味しいものを食べる,自家用車,自家用車,とても満足,期待以上でした,使わない,"1,000円未満","5,000円以上、10,000円未満",２～５回目,インターネット・アプリ,選択なし/該当施設なし,,選択なし/該当施設なし,,"1,000円以上、3,000円未満",とても満足,期待以上でした,とても満足,きれいに整備されていました,感じなかった,,10 (ぜひ薦めたい),感動を分かち合いたい,,また行きたい（1年以内）,特になし,女性,1975,石川県,金沢市,1000万円以上1200万円未満,能登牛が当たる
金沢城公園,2023/11/04 13:02:18,同意する,2泊,2泊,金沢エリア  （湯涌温泉、深谷温泉、犀川温泉など）,石川県外には泊まらない,小学生以下連れの家族,"名所、旧跡の観光, 各種体験（手作り、果物狩りなど）",新幹線,徒歩,,,"40,000円以上、50,000円未満","20,000円以上、30,000円未満","5,000円以上、10,000円未満",初めて,インターネット・アプリ,ひがし茶屋街,,近江町市場,,"1,000円未満",どちらでもない,,不満,子供だから,感じなかった,,10 (ぜひ薦めたい),城に入ったこと,鉄棒などの遊具,また行きたい（1年以内）,鉄棒などの遊具,男性,1983,東京都,北区,1500万円以上,ひゃくまさんが好き
金沢城公園,2023/11/04 20:06:19,同意する,1泊,1泊,金沢エリア  （湯涌温泉、深谷温泉、犀川温泉など）,石川県外には泊まらない,団体旅行,出張など仕事関係,新幹線,レンタカー,満足,レンタカーがもう少し駅近ならよかった。返却したあとなかなかタクシーがつかまらなかったため。,"10,000円以上、20,000円未満","20,000円以上、30,000円未満","10,000円以上、20,000円未満",２～５回目,Googleマップ,選択なし/該当施設なし,白川郷,選択なし/該当施設なし,安江八幡宮,"1,000円未満",満足,今回は時間がなくちゃんと見てまわれなかった,満足,あまり見て回らなかったけど綺麗に整っていました,感じた,反対側の道路から渡るのにわかりにくく遠回りした。,10 (ぜひ薦めたい),文化と歴史があるため,今度はもっとゆっくり観たいです,機会があれば行きたい,兼六園や21世紀美術館なども行ったが金沢の民藝など昔からの文化も知りたいと思った。たまたま行った日が天皇陛下が訪れる日だったため博物館など東京で見ることができるものだったため。,女性,1977,東京都,杉並区,600万円以上700万円未満,"ひゃくまさんが好き, なんとなく"
金沢城公園,2023/11/04 23:18:29,同意する,3泊,3泊,金沢エリア  （湯涌温泉、深谷温泉、犀川温泉など）,石川県外には泊まらない,自分ひとり,スポーツ観戦や芸術鑑賞（コンサート等）,"在来線, 飛行機",徒歩,,,"10,000円以上、20,000円未満","40,000円以上、50,000円未満","20,000円以上、30,000円未満",初めて,"観光パンフレット・ポスター, 観光連盟やDMOのHP",兼六園,,金沢21世紀美術館,,"1,000円以上、3,000円未満",満足,,満足,,感じなかった,,10 (ぜひ薦めたい),,,機会があれば行きたい,特になし,女性,1987,大分県,大分市,700万円以上800万円未満,ひゃくまさんが好き
金沢城公園,2023/11/05 9:30:52,同意する,日帰り,石川県内には宿泊しない,石川県内には宿泊しない,石川県外には泊まらない,自分ひとり,まちあるき、都市散策,県外から訪れていない（石川県内在住）,自転車,とても不満,駐輪場が少ない,"10,000円以上、20,000円未満",使わない,"20,000円以上、30,000円未満",１１回目以上,ボランティアガイド,兼六園,,選択なし/該当施設なし,,使わない,とても満足,スタッフが親切,とても不満,コインロッカーが少ない　老朽化,感じなかった,,10 (ぜひ薦めたい),県民として誇りに思っている,カラスやとんびの駆除,石川県在住,特に無し,男性,1959,石川県,金沢市,500万円以上600万円未満,ひゃくまさんが好き
金沢城公園,2023/11/06 23:36:09,同意する,2泊,1泊,金沢エリア  （湯涌温泉、深谷温泉、犀川温泉など）,富山県,自分ひとり,"地元の美味しいものを食べる, 名所、旧跡の観光, テーマパーク（遊園地、動物園、博物館など）",新幹線,路線バス,とても満足,バスの本数も多く乗り場案内がわかりやすかった,"5,000円以上、10,000円未満","1,000円以上、3,000円未満","5,000円以上、10,000円未満",初めて,インターネット・アプリ,選択なし/該当施設なし,妙立寺,兼六園,,使わない,満足,案内看板がたくさんあり便利だった,満足,きれいだった,感じなかった,,10 (ぜひ薦めたい),妙立寺　他では経験できないお寺でとても楽しかった,,また行きたい（1年以内）,満足です,女性,1989,千葉県,船橋市,900万円以上1000万円未満,"ひゃくまさんが好き, 動く３Dひゃくまんさんを見たい"
兼六園,2023/09/30 22:16:47,同意する,日帰り,石川県内には宿泊しない,石川県内には宿泊しない,石川県外には泊まらない,恋人,温泉や露天風呂,飛行機,徒歩,とても満足,,"30,000円以上、40,000円未満","30,000円以上、40,000円未満","5,000円以上、10,000円未満",２～５回目,新聞・雑誌・ガイドブック,金沢城（金沢城公園）,,金沢城（金沢城公園）,,"10,000円以上、20,000円未満",とても満足,,とても満足,,感じた,,10 (ぜひ薦めたい),,,また行きたい（1年以内）,特になし,男性,2008,富山県,越後,100万円未満,石川県の雑学を知りたい
兼六園,2023/10/01 16:36:23,同意する,1泊,1泊,金沢エリア  （湯涌温泉、深谷温泉、犀川温泉など）,石川県外には泊まらない,友人,サイコロきっぷ,在来線,徒歩,,,"10,000円以上、20,000円未満","10,000円以上、20,000円未満","30,000円以上、40,000円未満",初めて,観光パンフレット・ポスター,金沢城（金沢城公園）,,近江町市場,,使わない,とても満足,警備員さんにバス停の場所を聞いたときの対応が良かった。,どちらでもない,静かに愛でたかったが、ガイドの声が大きかったから。,感じなかった,,6,,,機会があれば行きたい,特になし,女性,1970,和歌山県,日高,700万円以上800万円未満,ひゃくまさんが好き
兼六園,2023/10/01 22:29:50,同意する,1泊,1泊,金沢エリア  （湯涌温泉、深谷温泉、犀川温泉など）,石川県外には泊まらない,友人,"宿でのんびり過ごす, 地元の美味しいものを食べる, 名所、旧跡の観光, 買い物、アウトレット, まちあるき、都市散策",県外から訪れていない（石川県内在住）,路線バス,どちらでもない,まちバスを利用。混んでいたが料金が安いので仕方がない。,"1,000円以上、3,000円未満","1,000円以上、3,000円未満","20,000円以上、30,000円未満",６～１０回目,"新聞・雑誌・ガイドブック, 観光パンフレット・ポスター, 観光協会等の案内所",金沢城（金沢城公園）,,金沢21世紀美術館,,"1,000円未満",どちらでもない,,満足,手入れが行き届き綺麗だから,感じなかった,,10 (ぜひ薦めたい),,お茶屋さんが少し入りづらい,石川県在住,特になし,女性,1970,石川県,金沢市,100万円以上200万円未満,能登牛が当たる
兼六園,2023/10/01 23:05:07,同意する,1泊,1泊,金沢エリア  （湯涌温泉、深谷温泉、犀川温泉など）,石川県外には泊まらない,友人,"地元の美味しいものを食べる, 名所、旧跡の観光","新幹線, 在来線",路線バス,満足,料金が分かりやすい。,"10,000円以上、20,000円未満","20,000円以上、30,000円未満","20,000円以上、30,000円未満",初めて,観光パンフレット・ポスター,尾山神社,,金沢21世紀美術館,,"1,000円未満",とても満足,来園記念の札をもらえた。,満足,ライトアップの準備をしていてゴタゴタしていた。,感じなかった,,5,特になし,,機会があれば行きたい,海鮮が美味しいんだと思っていたが、値段ばかり高くあまり美味しくなかったのが残念だった。,女性,1971,山梨県,笛吹市,300万円以上400万円未満,ひゃくまさんが好き
兼六園,2023/10/02 19:30:40,同意する,1泊,1泊,金沢エリア  （湯涌温泉、深谷温泉、犀川温泉など）,石川県外には泊まらない,夫婦2人,"地元の美味しいものを食べる, 名所、旧跡の観光","在来線, サイコロきっぷ",徒歩,満足,天候,"10,000円以上、20,000円未満","5,000円以上、10,000円未満","10,000円以上、20,000円未満",初めて,"インターネット・アプリ, 友人・知人",近江町市場,,選択なし/該当施設なし,チームラボ,"1,000円以上、3,000円未満",満足,平日でゆっくり見て回れた,とても満足,キレイだった,感じなかった,,8,ゆっくりできる,スイーツ系,機会があれば行きたい,個装のお土産がたくさんあると嬉しい,女性,1981,兵庫県,伊丹,700万円以上800万円未満,なんとなく
兼六園,2023/10/02 20:25:34,同意する,1泊,1泊,金沢エリア  （湯涌温泉、深谷温泉、犀川温泉など）,石川県外には泊まらない,自分ひとり,"温泉や露天風呂, 地元の美味しいものを食べる, スポーツ観戦や芸術鑑賞（コンサート等）, 友人・親戚を訪ねる",新幹線,路線バス,とても満足,バスの運転手がバス停の案内とともに観光名所案内もしてくれてわかりやすかった。,"5,000円以上、10,000円未満","30,000円以上、40,000円未満","10,000円以上、20,000円未満",初めて,"インターネット・アプリ, 友人・知人",金沢城（金沢城公園）,,尾山神社,,"1,000円以上、3,000円未満",とても満足,手入れが行き届いているところ,とても満足,リフレッシュできた,感じなかった,,10 (ぜひ薦めたい),自然豊かな環境でリラックスできるから,ライトアップ,また行きたい（1年以内）,海産物、郷土料理などの充実,女性,1976,神奈川県,横浜市,800万円以上900万円未満,"動く３Dひゃくまんさんを見たい, 石川県のおすすめ観光スポットが見たい"
兼六園,2023/10/02 22:17:47,同意する,日帰り,1泊,加賀エリア （山代温泉、山中温泉、片山津温泉、粟津温泉、辰口温泉、加賀市、小松市など）,富山県,友人,"温泉や露天風呂, 地元の美味しいものを食べる, 花見や紅葉などの自然鑑賞, 名所、旧跡の観光, まちあるき、都市散策",在来線,路線バス,とても満足,バスの本数が多い,"30,000円以上、40,000円未満","10,000円以上、20,000円未満","10,000円以上、20,000円未満",２～５回目,観光展・物産展,近江町市場,,金沢21世紀美術館,,"1,000円未満",とても満足,,とても満足,,感じなかった,,10 (ぜひ薦めたい),観光地を周遊しやすい、街が美しい、魚が美味しい、駅が使いやすくお土産売り場がとても綺麗,風情が有り、和菓子が美味しい、珍しい蝶や鳥に出会えて嬉しい、敷地が広くて見やすい,また行きたい（1年以内）,どこも美しく素晴らしかったので特にないです,女性,1963,京都府,京都市右京区嵯峨,100万円以上200万円未満,ひゃくまさんが好き
兼六園,2023/10/03 16:53:10,同意する,1泊,1泊,金沢エリア  （湯涌温泉、深谷温泉、犀川温泉など）,石川県外には泊まらない,姉,"地元の美味しいものを食べる, 名所、旧跡の観光, スポーツ観戦や芸術鑑賞（コンサート等）",新幹線,徒歩,,,"20,000円以上、30,000円未満","1,000円未満","20,000円以上、30,000円未満",初めて,"観光展・物産展, 新聞・雑誌・ガイドブック, TV・ラジオ番組やCM, 観光パンフレット・ポスター, インターネット・アプリ",近江町市場,,金沢21世紀美術館,,"1,000円未満",満足,景色の良いところで食事等できるから。,満足,景色がとても綺麗だったから。,感じなかった,,10 (ぜひ薦めたい),兼六園,,また行きたい（1年以内）,特になし,女性,1985,東京都,足立区,300万円以上400万円未満,"能登牛が当たる, ひゃくまさんが好き"
兼六園,2023/10/04 20:31:09,同意する,1泊,1泊,金沢エリア  （湯涌温泉、深谷温泉、犀川温泉など）,石川県外には泊まらない,夫婦2人,"地元の美味しいものを食べる, 花見や紅葉などの自然鑑賞, 名所、旧跡の観光, テーマパーク（遊園地、動物園、博物館など）, まちあるき、都市散策",在来線,徒歩,,,"20,000円以上、30,000円未満","3,000円以上、5,000円未満","30,000円以上、40,000円未満",２～５回目,X(旧：Twitter),近江町市場,,金沢21世紀美術館,,"1,000円以上、3,000円未満",満足,平日だったので落ち着いて対応いただいた。,満足,,感じなかった,,8,東京や大阪みたいに慌ただしくなく、旅を楽しめる。,,また行きたい（1年以内）,近江市場よりコンビニの方が安いお土産があった。,男性,1962,大阪府,交野市,500万円以上600万円未満,"ひゃくまさんが好き, 動く３Dひゃくまんさんを見たい, 石川県のおすすめ観光スポットが見たい"
兼六園,2023/10/06 12:42:40,同意する,1泊,1泊,金沢エリア  （湯涌温泉、深谷温泉、犀川温泉など）,石川県外には泊まらない,職場の同僚,出張など仕事関係,自家用車,"自家用車, 徒歩",,,"5,000円以上、10,000円未満","1,000円以上、3,000円未満","1,000円以上、3,000円未満",２～５回目,友人・知人,金沢城（金沢城公園）,,選択なし/該当施設なし,,"1,000円以上、3,000円未満",とても満足,対応が丁寧,満足,,感じなかった,,6,日本特有の文化を感じられるから,,また行きたい（1年以内）,特になし,女性,1981,富山県,富山市,400万円以上500万円未満,良くして頂いたお礼の気持ち
兼六園,2023/10/06 16:12:22,同意する,日帰り,石川県内には宿泊しない,石川県内には宿泊しない,石川県外には泊まらない,恋人,"地元の美味しいものを食べる, 買い物、アウトレット",自家用車,自家用車,,,"1,000円以上、3,000円未満",使わない,"1,000円以上、3,000円未満",２～５回目,"インターネット・アプリ, X(旧：Twitter)",選択なし/該当施設なし,,金沢城（金沢城公園）,,"1,000円未満",満足,,満足,,感じなかった,,1,,,石川県在住,特になし,その他,1997,石川県,金沢市,100万円以上200万円未満,なんとなく
兼六園,2023/10/06 16:57:31,同意する,日帰り,石川県内には宿泊しない,石川県内には宿泊しない,石川県外には泊まらない,友人,"地元の美味しいものを食べる, 名所、旧跡の観光, まちあるき、都市散策",在来線,路線バス,満足,,使わない,"5,000円以上、10,000円未満","10,000円以上、20,000円未満",２～５回目,新聞・雑誌・ガイドブック,近江町市場,,金沢21世紀美術館,,"1,000円未満",満足,,満足,,感じた,通れない道等で行きたい方向にすぐに行けなかった,8,コンパクトに観光を楽しめる,,機会があれば行きたい,海鮮以外の土地の物を食べてみたい,女性,1966,京都府,京都市,700万円以上800万円未満,"能登牛が当たる, ひゃくまさんが好き, 石川県のおすすめ観光スポットが見たい"
兼六園,2023/10/06 18:48:22,同意する,2泊,2泊,金沢エリア  （湯涌温泉、深谷温泉、犀川温泉など）,石川県外には泊まらない,友人,"地元の美味しいものを食べる, 名所、旧跡の観光, 買い物、アウトレット, まちあるき、都市散策, 各種体験（手作り、果物狩りなど）",新幹線,徒歩,,,"10,000円以上、20,000円未満","1,000円以上、3,000円未満","20,000円以上、30,000円未満",２～５回目,"新聞・雑誌・ガイドブック, 友人・知人",金沢城（金沢城公園）,,選択なし/該当施設なし,石浦神社,"3,000円以上、5,000円未満",満足,,満足,庭園の景色を堪能でき、おでん定食も美味しく、九谷焼のフォトフレーム作り体験も出来た。,感じた,入口が複数あり、少し迷いました。,10 (ぜひ薦めたい),季節ごとに景観が変わり、いつ行っても美しい。見学出来る建物もあり、抹茶と和菓子も楽しめる。,金沢の地元の食べ物をお手軽に楽しめる場所(カフェ等)がもう少しあるといいかも。,機会があれば行きたい,可愛いお土産を色々開発して下さい。,女性,1963,福岡県,糸島市,700万円以上800万円未満,金沢が好きだから。これからも応援してます。
兼六園,2023/10/06 21:59:55,同意する,2泊,2泊,金沢エリア  （湯涌温泉、深谷温泉、犀川温泉など）,石川県外には泊まらない,親,"地元の美味しいものを食べる, 名所、旧跡の観光",新幹線,旅行会社ツアーバス,とても満足,,"30,000円以上、40,000円未満","1,000円未満","20,000円以上、30,000円未満",２～５回目,インターネット・アプリ,ひがし茶屋街,,近江町市場,,"1,000円未満",とても満足,,とても満足,,感じなかった,,10 (ぜひ薦めたい),,,機会があれば行きたい,特になし,女性,1979,埼玉県,川口市,500万円以上600万円未満,能登牛が当たる
兼六園,2023/10/07 18:18:28,同意する,4泊以上,4泊以上,金沢エリア  （湯涌温泉、深谷温泉、犀川温泉など）,長野県,親,友人・親戚を訪ねる,新幹線,路線バス,満足,金沢駅からのバスは多く利用しやすい,"5,000円以上、10,000円未満","1,000円以上、3,000円未満","30,000円以上、40,000円未満",２～５回目,"新聞・雑誌・ガイドブック, インターネット・アプリ, 友人・知人",ひがし茶屋街,,近江町市場,,"3,000円以上、5,000円未満",どちらでもない,兼六園ではゆっくり散歩しただけなのでサービスはよくわかりません,満足,紅葉や雪の日はもっと素敵と聞いていたので、今回は緑の中を堪能しました,感じなかった,,7,兼六園は皆が行っているところなので、季節の良い時期を勧めたいです,,また行きたい（1年以内）,今回は回転寿司や寿司屋には行けなかったので次回は必ず美味しいお寿司を堪能したいです,女性,1959,東京都,小平市,200万円以上300万円未満,ひゃくまさんが好き
兼六園,2023/10/07 18:41:33,同意する,日帰り,1泊,金沢エリア  （湯涌温泉、深谷温泉、犀川温泉など）,石川県外には泊まらない,自分ひとり,"花見や紅葉などの自然鑑賞, 名所、旧跡の観光",自家用車,自家用車,,,"1,000円以上、3,000円未満","1,000円未満","1,000円以上、3,000円未満",１１回目以上,インターネット・アプリ,選択なし/該当施設なし,,選択なし/該当施設なし,,使わない,満足,,満足,,感じなかった,,10 (ぜひ薦めたい),,,また行きたい（1年以内）,寿司,男性,1979,石川県,金沢市,600万円以上700万円未満,ひゃくまさんが好き
兼六園,2023/10/07 20:20:24,同意する,1泊,1泊,金沢エリア  （湯涌温泉、深谷温泉、犀川温泉など）,石川県外には泊まらない,恋人,"地元の美味しいものを食べる, 名所、旧跡の観光, 買い物、アウトレット",新幹線,路線バス,どちらでもない,,"5,000円以上、10,000円未満","20,000円以上、30,000円未満","20,000円以上、30,000円未満",初めて,"新聞・雑誌・ガイドブック, インターネット・アプリ",近江町市場,,ひがし茶屋街,,"1,000円以上、3,000円未満",満足,,満足,,感じなかった,,8,,,また行きたい（1年以内）,特になし,女性,1995,埼玉県,日高市,300万円以上400万円未満,"ひゃくまさんが好き, ARでひゃくまんさんと写真が撮りたかった, ひゃくまんさんの名刺をコレクションしている, 動く３Dひゃくまんさんを見たい, 石川県のおすすめ観光スポットが見たい, 石川県の雑学を知りたい"
兼六園,2023/10/08 3:48:09,同意する,日帰り,石川県内には宿泊しない,石川県内には宿泊しない,石川県外には泊まらない,夫婦2人,地元の美味しいものを食べる,自家用車,自家用車,,,"10,000円以上、20,000円未満","3,000円以上、5,000円未満","10,000円以上、20,000円未満",初めて,観光展・物産展,金沢城（金沢城公園）,,ひがし茶屋街,,"1,000円以上、3,000円未満",とても満足,,とても満足,,感じなかった,,10 (ぜひ薦めたい),,,また行きたい（1年以内）,特になし,女性,1989,石川県,白山市,300万円以上400万円未満,"石川県のおすすめ観光スポットが見たい, 石川県の雑学を知りたい"
兼六園,2023/10/08 8:32:20,同意する,日帰り,石川県内には宿泊しない,石川県内には宿泊しない,東京,自分ひとり,"地元の美味しいものを食べる, 名所、旧跡の観光, 買い物、アウトレット, まちあるき、都市散策",高速バス,高速バス,とても満足,直通でいけたから,使わない,使わない,"10,000円以上、20,000円未満",初めて,インターネット・アプリ,選択なし/該当施設なし,,ひがし茶屋街,,"1,000円未満",どちらでもない,,とても満足,,感じた,洋式トイレの常設,8,,,機会があれば行きたい,特になし,女性,1959,富山県,富山市,200万円以上300万円未満,"能登牛が当たる, 石川県のおすすめ観光スポットが見たい, なんとなく"
兼六園,2023/10/08 10:55:04,同意する,2泊,1泊,金沢エリア  （湯涌温泉、深谷温泉、犀川温泉など）,福井県,恋人,"温泉や露天風呂, 名所、旧跡の観光, お祭りやイベントへの参加・見物, 出張など仕事関係","レンタカー, 新幹線","レンタカー, 徒歩",,,"10,000円以上、20,000円未満","1,000円以上、3,000円未満","30,000円以上、40,000円未満",２～５回目,インターネット・アプリ,近江町市場,,金沢城（金沢城公園）,,使わない,とても満足,,とても満足,,感じなかった,,8,,,また行きたい（1年以内）,ホスピタリティ,女性,1992,栃木県,佐野市,1500万円以上,"能登牛が当たる, ARでひゃくまんさんと写真が撮りたかった"
兼六園,2023/10/08 14:06:03,同意する,2泊,2泊,金沢エリア  （湯涌温泉、深谷温泉、犀川温泉など）,石川県外には泊まらない,夫婦2人,地元の美味しいものを食べる,飛行機,"徒歩, レンタサイクル",満足,,"10,000円以上、20,000円未満","20,000円以上、30,000円未満","10,000円以上、20,000円未満",初めて,新聞・雑誌・ガイドブック,金沢城（金沢城公園）,,近江町市場,,"1,000円未満",満足,,満足,,感じなかった,,7,,,機会があれば行きたい,おいしい海の幸,女性,1975,神奈川県,川崎市,1000万円以上1200万円未満,能登牛が当たる
兼六園,2023/10/08 17:52:00,同意する,日帰り,石川県内には宿泊しない,石川県内には宿泊しない,日帰り,夫婦2人,"名所、旧跡の観光, ドライブ・ツーリング",自家用車,自家用車,,,使わない,"5,000円以上、10,000円未満","5,000円以上、10,000円未満",２～５回目,"新聞・雑誌・ガイドブック, インターネット・アプリ",金沢城（金沢城公園）,,金沢城（金沢城公園）,,"1,000円以上、3,000円未満",満足,ガイドマップが多数ある,満足,綺麗に整備されている,感じなかった,,8,地元にはこのような規模がない、綺麗に管理されている、案内看板が適度にある、アクセスが適度に良い,,また行きたい（1年以内）,特になし,男性,1966,新潟県,上越市,1200万円以上1500万円未満,"ひゃくまさんが好き, ARでひゃくまんさんと写真が撮りたかった, 石川県のおすすめ観光スポットが見たい"
兼六園,2023/10/08 21:21:29,同意する,1泊,1泊,金沢エリア  （湯涌温泉、深谷温泉、犀川温泉など）,石川県外には泊まらない,恋人,"地元の美味しいものを食べる, 名所、旧跡の観光",新幹線,"路線バス, 徒歩",満足,,"3,000円以上、5,000円未満","10,000円以上、20,000円未満","10,000円以上、20,000円未満",初めて,"新聞・雑誌・ガイドブック, インターネット・アプリ",ひがし茶屋街,,金沢21世紀美術館,,使わない,満足,入園料の支払い方法が多様だった点が便利に感じた,満足,綺麗に手入れされていて見応えがあった反面、順路が分かりにくかった,感じた,順路が分かりにくい,8,ひがし茶屋街のカフェが、2階席から眺める風景と室内の雰囲気も相まってとても風雅で、友人に勧めたいと思った,,機会があれば行きたい,特になし,女性,1996,愛知県,愛知郡東郷町,800万円以上900万円未満,能登牛が当たる
兼六園,2023/10/09 12:13:40,同意する,1泊,1泊,金沢エリア  （湯涌温泉、深谷温泉、犀川温泉など）,石川県外には泊まらない,友人,"地元の美味しいものを食べる, 名所、旧跡の観光, まちあるき、都市散策",在来線,路線バス,満足,本数が多い、土日の100円で乗車出来るバスもありよかった,"10,000円以上、20,000円未満","10,000円以上、20,000円未満","20,000円以上、30,000円未満",２～５回目,"新聞・雑誌・ガイドブック, Instagram",尾山神社,,金沢21世紀美術館,,"1,000円未満",満足,あんころ餅がとても美味しかった,満足,清潔にしてあった,感じなかった,,10 (ぜひ薦めたい),歴史的な建造物や現代美術、美味しい食べ物も沢山ありとても魅力的な街なので。,,機会があれば行きたい,主要な観光地へのアクセスは非常に便利ですが、素敵なカフェも多いのでカフェに特化したガイドマップを作っていただけたら嬉しい。今回は予約が取れなくて金箔を貼る体験、和菓子を作る体験が出来なくて残念でした。連休や土日はもう少し体験出来る人数が多いと楽しい思い出が残せる人が増えると思いました。,女性,1965,大阪府,守口市,300万円以上400万円未満,"ひゃくまさんが好き, ARでひゃくまんさんと写真が撮りたかった, 石川県のおすすめ観光スポットが見たい"
兼六園,2023/10/11 8:07:59,同意する,日帰り,石川県内には宿泊しない,石川県内には宿泊しない,石川県外には泊まらない,友人,"地元の美味しいものを食べる, 花見や紅葉などの自然鑑賞, 名所、旧跡の観光, テーマパーク（遊園地、動物園、博物館など）",県外から訪れていない（石川県内在住）,路線バス,とても満足,,"1,000円以上、3,000円未満","1,000円未満","1,000円以上、3,000円未満",１１回目以上,"TV・ラジオ番組やCM, 観光パンフレット・ポスター",尾山神社,,金沢城（金沢城公園）,,"1,000円未満",とても満足,,とても満足,手入れが行き届いてると感じた,感じなかった,,10 (ぜひ薦めたい),,,また行きたい（1年以内）,特になし,女性,1978,石川県,金沢市,100万円未満,"ひゃくまさんが好き, ARでひゃくまんさんと写真が撮りたかった"
兼六園,2023/10/11 9:00:52,同意する,1泊,1泊,金沢エリア  （湯涌温泉、深谷温泉、犀川温泉など）,石川県外には泊まらない,夫婦2人,名所、旧跡の観光,新幹線,路線バス,満足,のりばがわかりやすく表示されていて、本数も結構あった。,"5,000円以上、10,000円未満","1,000円未満","20,000円以上、30,000円未満",初めて,新聞・雑誌・ガイドブック,近江町市場,,金沢城（金沢城公園）,,"1,000円以上、3,000円未満",満足,,満足,,感じなかった,,8,,,機会があれば行きたい,特になし,男性,1964,埼玉県,さいたま市緑区,400万円以上500万円未満,能登牛が当たる
兼六園,2023/10/14 20:12:25,同意する,日帰り,石川県内には宿泊しない,石川県内には宿泊しない,石川県外には泊まらない,自分ひとり,出張など仕事関係,自家用車,自家用車,,,"1,000円未満","1,000円未満","1,000円未満",６～１０回目,観光連盟やDMOのHP,選択なし/該当施設なし,,選択なし/該当施設なし,,使わない,どちらでもない,,どちらでもない,,感じた,,7,,,石川県在住,特になし,男性,1995,石川県,金沢市,600万円以上700万円未満,能登牛が当たる
兼六園,2023/10/14 22:08:29,同意する,1泊,1泊,金沢エリア  （湯涌温泉、深谷温泉、犀川温泉など）,石川県外には泊まらない,親,"地元の美味しいものを食べる, まちあるき、都市散策",在来線,徒歩,,,"30,000円以上、40,000円未満","5,000円以上、10,000円未満","10,000円以上、20,000円未満",２～５回目,"観光パンフレット・ポスター, インターネット・アプリ",金沢城（金沢城公園）,,金沢21世紀美術館,,使わない,満足,ライトアップのとき、無料だったのでよかった,とても満足,ライトアップが非常に綺麗だった,感じた,ライトアップ時、薄暗いので、やはり道に迷うことが多かった,9,,,また行きたい（1年以内）,美味しい海鮮を手頃な値段で食べたい。できれば主要な回転寿司の店舗は予約できるようになって欲しい。(ランチ営業は難しいのは分かるが。),女性,1999,大阪府,高槻市,200万円以上300万円未満,能登牛が当たる
兼六園,2023/10/15 10:23:48,同意する,3泊,1泊,金沢エリア  （湯涌温泉、深谷温泉、犀川温泉など）,富山県,夫婦2人,名所、旧跡の観光,自家用車,徒歩,,,"5,000円以上、10,000円未満","10,000円以上、20,000円未満","5,000円以上、10,000円未満",６～１０回目,観光パンフレット・ポスター,金沢城（金沢城公園）,,尾山神社,,"1,000円未満",どちらでもない,お茶室が混んでいました。もう少し受け入れ人数が多いと混まないと思いました。,とても満足,いつもお庭の手入れをされている方が複数いらして、綺麗なお庭を堪能できるので。,感じなかった,,9,いつ伺っても、整備された庭園を楽しめるので。,気軽にお抹茶が楽しめる和室,また行きたい（1年以内）,牛首紬の小物,女性,1961,静岡県,静岡市,1200万円以上1500万円未満,"能登牛が当たる, 石川県のおすすめ観光スポットが見たい, 石川県の雑学を知りたい"
兼六園,2023/10/15 20:54:08,同意する,1泊,1泊,金沢エリア  （湯涌温泉、深谷温泉、犀川温泉など）,石川県外には泊まらない,恋人,"地元の美味しいものを食べる, 名所、旧跡の観光",在来線,徒歩,,,"10,000円以上、20,000円未満","5,000円以上、10,000円未満","10,000円以上、20,000円未満",２～５回目,新聞・雑誌・ガイドブック,選択なし/該当施設なし,21世紀美術館,選択なし/該当施設なし,,使わない,満足,,満足,,感じなかった,,8,,,機会があれば行きたい,バスはもう少しICA以外の交通系ICカードを使わせてほしかった。飲食店は土日祝はもう少し遅い時間まで営業しても良いのではないか。,女性,1998,奈良県,北葛城郡王寺町,400万円以上500万円未満,能登牛が当たる
兼六園,2023/10/17 8:37:28,同意する,1泊,1泊,金沢エリア  （湯涌温泉、深谷温泉、犀川温泉など）,石川県外には泊まらない,夫婦2人,"名所、旧跡の観光, 大学生の子供に会いに",自家用車,自家用車,,,"5,000円以上、10,000円未満","30,000円以上、40,000円未満","30,000円以上、40,000円未満",初めて,"観光パンフレット・ポスター, インターネット・アプリ",金沢城（金沢城公園）,,近江町市場,,"1,000円以上、3,000円未満",満足,日中と夜の２回訪問しました。,満足,,感じなかった,,9,,兼六園内限定のものが良いです,機会があれば行きたい,現在のものを引き続き品質を落とすこと無くで良いと思います。,男性,1975,広島県,福山市,900万円以上1000万円未満,なんとなく
兼六園,2023/10/25 20:37:50,同意する,3泊,1泊,金沢エリア  （湯涌温泉、深谷温泉、犀川温泉など）,岐阜県,夫婦2人,"地元の美味しいものを食べる, 名所、旧跡の観光, まちあるき、都市散策",自家用車,自家用車,,,"3,000円以上、5,000円未満","10,000円以上、20,000円未満","20,000円以上、30,000円未満",初めて,"インターネット・アプリ, X(旧：Twitter)",近江町市場,,ひがし茶屋街,,"1,000円以上、3,000円未満",満足,,満足,,感じなかった,,9,景色も綺麗で美味しいものもたくさんあるところ,兼六園オリジナルのお土産があると嬉しいです,また行きたい（1年以内）,食べ歩き可能なものが増えると嬉しいです,女性,1984,埼玉県,越谷市,200万円以上300万円未満,能登牛が当たる
兼六園,2023/10/29 0:22:54,同意する,1泊,1泊,金沢エリア  （湯涌温泉、深谷温泉、犀川温泉など）,石川県外には泊まらない,親,"地元の美味しいものを食べる, 花見や紅葉などの自然鑑賞, 名所、旧跡の観光",新幹線,路線バス,とても満足,,"10,000円以上、20,000円未満","5,000円以上、10,000円未満","5,000円以上、10,000円未満",初めて,"TV・ラジオ番組やCM, 観光パンフレット・ポスター, X(旧：Twitter), Instagram",近江町市場,,金沢城（金沢城公園）,,使わない,とても満足,,とても満足,,感じなかった,,10 (ぜひ薦めたい),,,機会があれば行きたい,特になし,女性,1992,埼玉県,鴻巣,100万円以上200万円未満,"能登牛が当たる, ひゃくまさんが好き, 動く３Dひゃくまんさんを見たい, 石川県のおすすめ観光スポットが見たい"
兼六園,2023/10/29 21:36:04,同意する,4泊以上,2泊,金沢エリア  （湯涌温泉、深谷温泉、犀川温泉など）,車中泊,親,"友人・親戚を訪ねる, 金沢マラソンの応援",夜行バス,自家用車,,,"1,000円未満","10,000円以上、20,000円未満","10,000円以上、20,000円未満",１１回目以上,友人・知人,尾山神社,,選択なし/該当施設なし,,使わない,とても満足,夕食後ライトアップを観に行ったので何も購入しなかったため商品と言えるか微妙ですが、ライトアップは素敵でした！,とても満足,池に映る木々が幻想的で素敵だった,感じなかった,,10 (ぜひ薦めたい),金沢マラソン。食べまっしステーションなど石川ならではがたくさんあり、応援する側も観光地が多いので楽しかったです！,周りのお土産屋さんが閉まるのが早いので、ライトアップの時期だけでも長めに開けて欲しかった。,また行きたい（1年以内）,特になし,女性,1993,神奈川県,横浜市金沢区,800万円以上900万円未満,"能登牛が当たる, ひゃくまさんが好き, ひゃくまんさんの名刺をコレクションしている"
兼六園,2023/10/31 19:13:09,同意する,1泊,1泊,金沢エリア  （湯涌温泉、深谷温泉、犀川温泉など）,石川県外には泊まらない,恋人,花見や紅葉などの自然鑑賞,自家用車,自家用車,,,"5,000円以上、10,000円未満",使わない,"1,000円以上、3,000円未満",２～５回目,観光パンフレット・ポスター,金沢城（金沢城公園）,,選択なし/該当施設なし,,使わない,とても満足,,とても満足,,感じなかった,,10 (ぜひ薦めたい),,,また行きたい（1年以内）,特になし,女性,1999,石川県,能美市,100万円未満,なんとなく
金沢駅,2023/10/03 15:02:39,同意する,4泊以上,石川県内には宿泊しない,石川県内には宿泊しない,大阪、長野,親,"地元の美味しいものを食べる, 名所、旧跡の観光, まちあるき、都市散策",在来線,在来線,満足,サンダーバードが静かで椅子もふかふかで心地よかった,使わない,"10,000円以上、20,000円未満","3,000円以上、5,000円未満",初めて,"インターネット・アプリ, Instagram",選択なし/該当施設なし,一番最初に金沢駅につきました,近江町市場,,"1,000円以上、3,000円未満",満足,携帯の充電を観光案内所で貸し出されていて非常に助かった,とても満足,色々なお店があってお麩のパフェのお店で休憩できた。コインロッカーも便利だった。,感じなかった,,10 (ぜひ薦めたい),市場が美味しいのと街が整備されていて綺麗だったから,,また行きたい（1年以内）,バスの乗り放題が値上げしていて少し残念だったくらいで楽しい思い出になりました,女性,2002,広島県,東広島市,100万円未満,"能登牛が当たる, ARでひゃくまんさんと写真が撮りたかった, 石川県のおすすめ観光スポットが見たい"
金沢駅,2023/10/05 9:59:02,同意する,1泊,1泊,金沢エリア  （湯涌温泉、深谷温泉、犀川温泉など）,石川県外には泊まらない,友人,"地元の美味しいものを食べる, スポーツ観戦や芸術鑑賞（コンサート等）, まちあるき、都市散策",在来線,路線バス,どちらでもない,駅からはバス停がわかりやすいが、観光地からのバス停の場所がわかりにくい。標識などがほしい。,"5,000円以上、10,000円未満","1,000円未満","10,000円以上、20,000円未満",初めて,"新聞・雑誌・ガイドブック, 観光パンフレット・ポスター, インターネット・アプリ",選択なし/該当施設なし,,金沢21世紀美術館,,"5,000円以上、10,000円未満",満足,観光案内所のサービス,満足,駅中にいろんな施設がある,感じなかった,,10 (ぜひ薦めたい),いろんな観光地がコンパクトに移動できる,いろいろあって、良かった,機会があれば行きたい,特になし,女性,1961,大阪府,大阪市,600万円以上700万円未満,能登牛が当たる
金沢駅,2023/10/05 22:33:05,同意する,1泊,1泊,金沢エリア  （湯涌温泉、深谷温泉、犀川温泉など）,石川県外には泊まらない,恋人,宿でのんびり過ごす,自家用車,自家用車,満足,,"5,000円以上、10,000円未満","5,000円以上、10,000円未満","5,000円以上、10,000円未満",２～５回目,インターネット・アプリ,ひがし茶屋街,,ひがし茶屋街,,"3,000円以上、5,000円未満",満足,,満足,,感じなかった,,7,,,また行きたい（1年以内）,特になし,女性,1974,富山県,青葉,600万円以上700万円未満,石川県の雑学を知りたい
金沢駅,2023/10/08 15:44:47,同意する,日帰り,石川県内には宿泊しない,石川県内には宿泊しない,石川県外には泊まらない,自分ひとり,金沢競馬,在来線,"在来線, 路線バス",満足,競馬場から無料でこれたから。少し待ち時間はあった。,使わない,"1,000円以上、3,000円未満","5,000円以上、10,000円未満",２～５回目,観光協会等の案内所,選択なし/該当施設なし,金沢競馬,ひがし茶屋街,,使わない,とても満足,充電サービスがありがたい,満足,,感じなかった,,8,,,また行きたい（1年以内）,上質なもの。多少料金は高くても構わない。金沢には高級なイメージがあるから。,男性,2003,富山県,富山市,100万円以上200万円未満,"能登牛が当たる, ひゃくまんさんの名刺をコレクションしている"
金沢駅,2023/10/10 0:06:43,同意する,2泊,2泊,能登エリア （和倉温泉、七尾市、輪島市、珠洲市など）,石川県外には泊まらない,夫婦2人,"宿でのんびり過ごす, 温泉や露天風呂, 地元の美味しいものを食べる, 名所、旧跡の観光, まちあるき、都市散策","新幹線, 在来線",路線バス,満足,新幹線も在来線もわかりやすかったですがバスが多すぎて少し迷いました！,"30,000円以上、40,000円未満","20,000円以上、30,000円未満","20,000円以上、30,000円未満",初めて,"新聞・雑誌・ガイドブック, YouTube",選択なし/該当施設なし,金沢駅が初,兼六園,,"10,000円以上、20,000円未満",とても満足,色々迷う程ありました！,満足,飲食店がどこも混んでて結果ホテルの近くで食べました。,感じなかった,,10 (ぜひ薦めたい),のんびり出来たのと食べ物がどれも美味しかった！,一番はここでしか食べれない物を食べたいです。,また行きたい（1年以内）,この土地でしか味わえない物を視覚味覚で楽しめればと,女性,1977,神奈川県,小田原市,800万円以上900万円未満,"能登牛が当たる, ひゃくまさんが好き"
金沢駅,2023/10/14 19:14:47,同意する,2泊,2泊,金沢エリア  （湯涌温泉、深谷温泉、犀川温泉など）,石川県外には泊まらない,夫婦2人,"地元の美味しいものを食べる, 花見や紅葉などの自然鑑賞, 名所、旧跡の観光, 買い物、アウトレット, まちあるき、都市散策",新幹線,"路線バス, 徒歩",満足,金沢の周遊バスが使いやすかった,"30,000円以上、40,000円未満","10,000円以上、20,000円未満","30,000円以上、40,000円未満",２～５回目,"観光パンフレット・ポスター, インターネット・アプリ, X(旧：Twitter), 観光協会等の案内所",金沢21世紀美術館,,兼六園,,"5,000円以上、10,000円未満",とても満足,欲しいものがたくさん買えた,とても満足,欲しいものがたくさんあった。椅子がたくさんあって休憩しやすい。,感じなかった,,10 (ぜひ薦めたい),観光スポットがたくさんあり、どの年代の方も楽しめる。,予約なしでも体験できる施設があれば嬉しい。,機会があれば行きたい,工芸体験ができたら嬉しい。,女性,1980,東京都,江戸川区,800万円以上900万円未満,"ひゃくまさんが好き, ARでひゃくまんさんと写真が撮りたかった"
金沢駅,2023/10/24 15:25:58,同意する,1泊,1泊,金沢エリア  （湯涌温泉、深谷温泉、犀川温泉など）,石川県外には泊まらない,自分ひとり,"地元の美味しいものを食べる, 花見や紅葉などの自然鑑賞, 名所、旧跡の観光, 蓮ノ空女学院スクールアイドルクラブの聖地巡り。声優の小泉萌香さんの写真集「きみやすみ」のロケ地巡り",新幹線,徒歩,,,"5,000円以上、10,000円未満","20,000円以上、30,000円未満","30,000円以上、40,000円未満",初めて,"新聞・雑誌・ガイドブック, インターネット・アプリ, X(旧：Twitter)",近江町市場,,兼六園,,"3,000円以上、5,000円未満",とても満足,,とても満足,,感じなかった,,10 (ぜひ薦めたい),,,また行きたい（1年以内）,蓮ノ空女学院スクールアイドルクラブとのコラボ,男性,2000,東京都,台東区,200万円以上300万円未満,ひゃくまさんが好き
金沢駅,2023/11/07 13:04:04,同意する,1泊,1泊,金沢エリア  （湯涌温泉、深谷温泉、犀川温泉など）,金沢市内,友人,"地元の美味しいものを食べる, 名所、旧跡の観光, まちあるき、都市散策",新幹線,徒歩,満足,公共機関が充実している,"10,000円以上、20,000円未満","20,000円以上、30,000円未満","10,000円以上、20,000円未満",初めて,新聞・雑誌・ガイドブック,ひがし茶屋街,,選択なし/該当施設なし,,"5,000円以上、10,000円未満",満足,駅全体がわかりやすい,満足,お店が時刻表している,感じなかった,,9,,,また行きたい（1年以内）,特になし,女性,1975,山形県,山形市,300万円以上400万円未満,ひゃくまさんが好き
金沢中央観光案内所,2023/10/03 23:38:28,同意する,1泊,1泊,金沢エリア  （湯涌温泉、深谷温泉、犀川温泉など）,石川県外には泊まらない,団体旅行,出張など仕事関係,在来線,路線バス,とても満足,本数が多い,"10,000円以上、20,000円未満","10,000円以上、20,000円未満","10,000円以上、20,000円未満",初めて,"観光展・物産展, タクシードライバーや地元の人",近江町市場,金沢駅,兼六園,,使わない,とても満足,外国人も利用している,とても満足,綺麗ですね,感じなかった,,10 (ぜひ薦めたい),英語のパンフもある,飲食やお土産はわからなかった,また行きたい（1年以内）,地元の野菜など使用,男性,1970,三重県,四日市市,700万円以上800万円未満,"能登牛が当たる, ひゃくまさんが好き, ひゃくまんさんの名刺をコレクションしている, 石川県のおすすめ観光スポットが見たい"
金沢中央観光案内所,2023/10/09 15:32:05,同意する,1泊,1泊,金沢エリア  （湯涌温泉、深谷温泉、犀川温泉など）,石川県外には泊まらない,夫婦2人,"地元の美味しいものを食べる, 名所、旧跡の観光, お祭りやイベントへの参加・見物, まちあるき、都市散策","新幹線, 在来線","路線バス, 徒歩",とても満足,アクセスがよく、バスの運転手さんの案内が素晴らしかった,"10,000円以上、20,000円未満","10,000円以上、20,000円未満","30,000円以上、40,000円未満",初めて,観光協会等の案内所,尾山神社,,近江町市場,,"1,000円以上、3,000円未満",満足,快適空間でした,満足,案内が親切でした,感じなかった,,10 (ぜひ薦めたい),ご飯が美味しく、見るべき場所が多い,チケットの手配が色々とできると嬉しいです,また行きたい（1年以内）,お寿司、大好きです,男性,1986,岐阜県,岐阜市,600万円以上700万円未満,"能登牛が当たる, ひゃくまさんが好き, 石川県のおすすめ観光スポットが見たい, 石川県の雑学を知りたい"
金沢中央観光案内所,2023/10/15 10:41:30,同意する,1泊,石川県内には宿泊しない,石川県内には宿泊しない,富山県,夫婦2人,名所、旧跡の観光,新幹線,徒歩,,,使わない,"1,000円以上、3,000円未満","3,000円以上、5,000円未満",初めて,インターネット・アプリ,近江町市場,,兼六園,,使わない,どちらでもない,,どちらでもない,,感じなかった,,5,,,どちらともいえない,海鮮,男性,1970,東京都,杉並区,1000万円以上1200万円未満,"ひゃくまさんが好き, 石川県のおすすめ観光スポットが見たい, 石川県の雑学を知りたい"
金沢中央観光案内所,2023/10/25 0:30:44,同意する,1泊,石川県内には宿泊しない,石川県内には宿泊しない,長野県,夫婦2人,"地元の美味しいものを食べる, 名所、旧跡の観光, お祭りやイベントへの参加・見物, まちあるき、都市散策",新幹線,路線バス,どちらでもない,歩ける距離だったので歩いても良かったため,使わない,"10,000円以上、20,000円未満","10,000円以上、20,000円未満",初めて,たまたま通りかかった,選択なし/該当施設なし,道の駅内灘サンセットパーク,兼六園,,使わない,満足,金沢駅にはない観光情報誌があったため,満足,お手洗いが綺麗で良かったため,感じなかった,,8,海鮮が美味しいので寿司を勧めたい,金沢中央観光案内所でスタンプラリーの情報を知りました。先に知っていればする時間があったのに、夜にきたのが失敗でした。,また行きたい（1年以内）,寿司が前より高くなった気がする。,女性,1978,神奈川県,横浜市,300万円以上400万円未満,能登牛が当たる
金沢中央観光案内所,2023/10/29 17:25:09,同意する,1泊,1泊,金沢エリア  （湯涌温泉、深谷温泉、犀川温泉など）,石川県外には泊まらない,友人,"地元の美味しいものを食べる, 名所、旧跡の観光, まちあるき、都市散策, 各種体験（手作り、果物狩りなど）",飛行機,路線バス,満足,空港リムジンバスで、到着後15分で出発するから。但し現金か地元の交通ICカードしか使えないのは不便。,"5,000円以上、10,000円未満","10,000円以上、20,000円未満","50,000円以上、100,000円未満",初めて,"新聞・雑誌・ガイドブック, TV・ラジオ番組やCM, 観光パンフレット・ポスター, インターネット・アプリ, X(旧：Twitter), Instagram",兼六園,,選択なし/該当施設なし,ホテルに戻る,使わない,どちらでもない,特に利用していない。スタンプがあるか知りたかったから。,どちらでもない,利用していないのでよくわからない,感じた,スタンプがない。,5,香林坊にあるので、なかなか使いずらい。,情報が知りたいので、特になし。,また行きたい（1年以内）,特になし。,女性,1962,東京都,新宿区,700万円以上800万円未満,"ひゃくまさんが好き, ARでひゃくまんさんと写真が撮りたかった"
金沢中央観光案内所,2023/10/30 9:25:29,同意する,日帰り,1泊,金沢エリア  （湯涌温泉、深谷温泉、犀川温泉など）,石川県外には泊まらない,自分ひとり,"花見や紅葉などの自然鑑賞, 名所、旧跡の観光, まちあるき、都市散策",県外から訪れていない（石川県内在住）,徒歩,,,使わない,"3,000円以上、5,000円未満","3,000円以上、5,000円未満",１１回目以上,観光パンフレット・ポスター,選択なし/該当施設なし,,近江町市場,,使わない,とても満足,一人一人に合った提案されている点であったり、外国人観光客に対する接客が充実している点,満足,施設内は他の観光案内所とは異なり、体験設備が整っている点。改善してほしいのは、いしかわ百万石文化祭2023関連するパンフレット類が少ないため、ほしいイベントのチラシが手に入らない点,感じなかった,,8,市内全域。日本中、数多なる城下町の中でも金沢は京都とは異なる文化いわば武家文化をもち、地元の市民一人一人が金沢に誇りを持って日々の生活を送っている点,和菓子,石川県在住,ご当地VTuberたまひめちゃんグッズ,男性,2003,石川県,金沢市,100万円未満,"ひゃくまさんが好き, ARでひゃくまんさんと写真が撮りたかった, 石川県の雑学を知りたい"